playerId,period,avg_X,avg_Y,avg_Distance(ft),gameClock(s),gameClockDiff(s)
['986b713a-b20b-4eb0-919e-c859d0508af7'],[1],-2.0677,-8.6897,0.013409174,720,[0.]
['986b713a-b20b-4eb0-919e-c859d0508af7'],[1],-2.0209,-8.3148,0.01154225,720,[0.]
['986b713a-b20b-4eb0-919e-c859d0508af7'],[1],11.6591,-13.9598,0.374883228,718.398,[3.56]
['986b713a-b20b-4eb0-919e-c859d0508af7'],[1],42.401,-22.9168,0.171168763,714.42,[3.96]
['986b713a-b20b-4eb0-919e-c859d0508af7'],[1],40.8826,-22.1284,0.110340092,710.42,[3.96]
['986b713a-b20b-4eb0-919e-c859d0508af7'],[1],22.2194,-13.9616,0.28550015,706.42,[3.96]
['986b713a-b20b-4eb0-919e-c859d0508af7'],[1],31.9625,2.6978,0.293398888,702.42,[3.96]
['986b713a-b20b-4eb0-919e-c859d0508af7'],[1],9.4794,2.9234,0.330680641,698.42,[3.96]
['986b713a-b20b-4eb0-919e-c859d0508af7'],[1],-12.1488,-8.7479,0.183891845,694.42,[3.96]
['986b713a-b20b-4eb0-919e-c859d0508af7'],[1],-22.6685,-14.3814,0.137028361,690.42,[3.96]
['986b713a-b20b-4eb0-919e-c859d0508af7'],[1],-19.124,-8.2293,0.120516318,686.42,[3.96]
['986b713a-b20b-4eb0-919e-c859d0508af7'],[1],-23.3221,-2.244,0.167606185,682.42,[3.96]
['986b713a-b20b-4eb0-919e-c859d0508af7'],[1],-8.0441,-12.2155,0.428028379,678.42,[3.96]
['986b713a-b20b-4eb0-919e-c859d0508af7'],[1],32.8951,-22.3008,0.216610065,674.42,[3.96]
['986b713a-b20b-4eb0-919e-c859d0508af7'],[1],35.7032,-22.9743,0.087139325,670.42,[3.96]
['986b713a-b20b-4eb0-919e-c859d0508af7'],[1],27.3613,-9.4276,0.427097235,666.42,[3.96]
['986b713a-b20b-4eb0-919e-c859d0508af7'],[1],28.5592,2.6274,0.36039277,662.42,[3.96]
['986b713a-b20b-4eb0-919e-c859d0508af7'],[1],-16.3991,9.7991,0.375471066,658.42,[3.96]
['986b713a-b20b-4eb0-919e-c859d0508af7'],[1],-26.4275,8.5636,0.105618472,654.42,[3.96]
['986b713a-b20b-4eb0-919e-c859d0508af7'],[1],-26.4532,5.5744,0.159323196,650.42,[3.96]
['986b713a-b20b-4eb0-919e-c859d0508af7'],[1],-32.4347,-11.1451,0.451811594,646.42,[3.96]
['986b713a-b20b-4eb0-919e-c859d0508af7'],[1],4.8334,-3.0644,0.274790097,642.42,[3.96]
['986b713a-b20b-4eb0-919e-c859d0508af7'],[1],2.4637,-4.7743,0.321836076,640.352,[0.44]
['986b713a-b20b-4eb0-919e-c859d0508af7'],[1],-6.8821,-21.2965,0.326113368,640,[0.]
['986b713a-b20b-4eb0-919e-c859d0508af7'],[1],3.2924,5.0691,0.162729548,640,[0.]
['986b713a-b20b-4eb0-919e-c859d0508af7'],[1],-6.3292,0.0778,0.123967585,639.0556,[2.76]
['986b713a-b20b-4eb0-919e-c859d0508af7'],[1],-18.5951,-10.7527,0.21361632,635.22,[3.96]
['986b713a-b20b-4eb0-919e-c859d0508af7'],[1],-22.9133,0.4968,0.216263918,631.22,[3.96]
['986b713a-b20b-4eb0-919e-c859d0508af7'],[1],-26.5835,3.4297,0.306799314,627.22,[3.96]
['986b713a-b20b-4eb0-919e-c859d0508af7'],[1],4.8411,2.0747,0.271637392,623.2744,[3.32]
['986b713a-b20b-4eb0-919e-c859d0508af7'],[1],11.2654,-1.8214,0.071896893,621.88,[0.]
['986b713a-b20b-4eb0-919e-c859d0508af7'],[1],24.633,21.8591,0.333305503,621.804,[0.76]
['986b713a-b20b-4eb0-919e-c859d0508af7'],[1],27.3324,23.2711,0.042804196,619.1,[3.96]
['986b713a-b20b-4eb0-919e-c859d0508af7'],[1],27.8402,22.7266,0.044033591,615.084,[4.]
['986b713a-b20b-4eb0-919e-c859d0508af7'],[1],37.8019,22.708,0.103338357,611.06,[3.96]
['986b713a-b20b-4eb0-919e-c859d0508af7'],[1],29.5365,19.6795,0.330725694,607.06,[3.96]
['986b713a-b20b-4eb0-919e-c859d0508af7'],[1],-16.6104,14.888,0.457079184,603.06,[3.96]
['986b713a-b20b-4eb0-919e-c859d0508af7'],[1],-39.5094,6.5894,0.094761592,599.06,[3.96]
['986b713a-b20b-4eb0-919e-c859d0508af7'],[1],-42.5004,3.4724,0.067350763,595.06,[3.96]
['986b713a-b20b-4eb0-919e-c859d0508af7'],[1],-40.3085,3.2922,0.090967956,591.06,[3.96]
['986b713a-b20b-4eb0-919e-c859d0508af7'],[1],-13.0994,13.7993,0.48004373,587.06,[3.96]
['986b713a-b20b-4eb0-919e-c859d0508af7'],[1],14.5962,18.5889,0.47241787,583.1144,[3.32]
['986b713a-b20b-4eb0-919e-c859d0508af7'],[1],-16.934,5.682,0.190750263,581.4536,[1.44]
['986b713a-b20b-4eb0-919e-c859d0508af7'],[1],-27.378,-7.229,0.450148963,579.1876,[2.56]
['986b713a-b20b-4eb0-919e-c859d0508af7'],[1],-34.9068,-8.2364,0.222913833,575.66,[3.96]
['986b713a-b20b-4eb0-919e-c859d0508af7'],[1],14.8387,-3.1182,0.619661244,571.6864,[3.52]
['986b713a-b20b-4eb0-919e-c859d0508af7'],[1],35.0782,0.81,0.521352005,570.112,[0.04]
['986b713a-b20b-4eb0-919e-c859d0508af7'],[1],7.3377,-0.5455,0.263345749,570.08,[0.]
['986b713a-b20b-4eb0-919e-c859d0508af7'],[1],24.0736,-10.3963,0.366501312,568.6856,[3.32]
['986b713a-b20b-4eb0-919e-c859d0508af7'],[1],43.1194,11.5993,0.352073817,564.708,[4.]
['986b713a-b20b-4eb0-919e-c859d0508af7'],[1],1.1356,9.5505,0.589447957,560.7,[3.96]
['986b713a-b20b-4eb0-919e-c859d0508af7'],[1],-39.2707,4.081,0.185495095,556.7,[3.96]
['986b713a-b20b-4eb0-919e-c859d0508af7'],[1],-40.9433,3.2185,0.278785403,552.7,[3.96]
['986b713a-b20b-4eb0-919e-c859d0508af7'],[1],-6.3154,-6.9487,0.366789785,548.7,[3.96]
['986b713a-b20b-4eb0-919e-c859d0508af7'],[1],16.485,-3.5289,0.264167396,544.7,[3.96]
['986b713a-b20b-4eb0-919e-c859d0508af7'],[1],35.8236,4.075,0.231491307,541.114,[2.16]
['986b713a-b20b-4eb0-919e-c859d0508af7'],[1],21.2603,3.9485,0.261282698,540.498,[0.4]
['986b713a-b20b-4eb0-919e-c859d0508af7'],[1],-6.3705,-0.7307,0.260443211,538.1,[3.96]
['986b713a-b20b-4eb0-919e-c859d0508af7'],[1],-25.2221,5.6097,0.313246102,534.1,[3.96]
['986b713a-b20b-4eb0-919e-c859d0508af7'],[1],-28.19,7.1284,0.295403104,530.1,[3.96]
['986b713a-b20b-4eb0-919e-c859d0508af7'],[1],8.5611,0.0829,0.410905837,526.1,[3.96]
['986b713a-b20b-4eb0-919e-c859d0508af7'],[1],30.8807,-19.1233,0.209263419,522.1,[3.96]
['986b713a-b20b-4eb0-919e-c859d0508af7'],[1],40.7096,-22.1508,0.042319045,518.076,[4.]
['986b713a-b20b-4eb0-919e-c859d0508af7'],[1],27.1257,-19.0172,0.360750106,514.044,[4.]
['986b713a-b20b-4eb0-919e-c859d0508af7'],[1],-23.3492,-19.0734,0.518933988,510.028,[3.92]
['986b713a-b20b-4eb0-919e-c859d0508af7'],[1],-23.8292,-9.7536,0.345498197,506.06,[3.96]
['986b713a-b20b-4eb0-919e-c859d0508af7'],[1],-26.5407,13.6365,0.127796609,502.06,[3.96]
['986b713a-b20b-4eb0-919e-c859d0508af7'],[1],-27.6581,15.3071,0.084886142,498.0712,[3.68]
['986b713a-b20b-4eb0-919e-c859d0508af7'],[1],1.3778,15.1317,0.428845009,496.36,[0.]
['986b713a-b20b-4eb0-919e-c859d0508af7'],[1],28.374,20.275,0.165747622,495.9276,[1.84]
['986b713a-b20b-4eb0-919e-c859d0508af7'],[1],40.0107,23.7672,0.078057267,492.5,[3.96]
['986b713a-b20b-4eb0-919e-c859d0508af7'],[1],40.1433,23.3017,0.089014835,488.5,[3.96]
['986b713a-b20b-4eb0-919e-c859d0508af7'],[1],18.1294,18.584,0.379932169,484.5,[3.96]
['986b713a-b20b-4eb0-919e-c859d0508af7'],[1],-17.2683,14.112,0.23699384,480.468,[4.]
['986b713a-b20b-4eb0-919e-c859d0508af7'],[1],-23.8936,0.8018,0.240747006,476.46,[3.96]
['986b713a-b20b-4eb0-919e-c859d0508af7'],[1],-4.3108,-7.179,0.613396305,472.46,[3.96]
['986b713a-b20b-4eb0-919e-c859d0508af7'],[1],38.2174,5.3859,0.366466573,468.46,[3.96]
['986b713a-b20b-4eb0-919e-c859d0508af7'],[1],10.1488,4.9274,0.281966729,464.46,[3.96]
['986b713a-b20b-4eb0-919e-c859d0508af7'],[1],-13.6058,-2.6308,0.270611177,460.46,[3.96]
['986b713a-b20b-4eb0-919e-c859d0508af7'],[1],-25.6503,-4.8758,0.20071018,456.46,[3.96]
['986b713a-b20b-4eb0-919e-c859d0508af7'],[1],-36.8625,5.5089,0.178093038,452.436,[4.]
['986b713a-b20b-4eb0-919e-c859d0508af7'],[1],-38.0398,13.1359,0.161376773,448.436,[3.92]
['986b713a-b20b-4eb0-919e-c859d0508af7'],[1],-21.7637,18.4584,0.222382219,444.46,[3.96]
['986b713a-b20b-4eb0-919e-c859d0508af7'],[1],0.6393,19.3545,0.213814279,440.46,[3.96]
['986b713a-b20b-4eb0-919e-c859d0508af7'],[1],17.9245,16.3482,0.220521243,436.46,[3.96]
['986b713a-b20b-4eb0-919e-c859d0508af7'],[1],37.3122,0.3672,0.309572139,432.9304,[2.04]
['986b713a-b20b-4eb0-919e-c859d0508af7'],[1],29.7826,-2.372,0.140803634,432.4,[0.]
['986b713a-b20b-4eb0-919e-c859d0508af7'],[1],27.8577,-0.2512,0.025495116,432.4,[0.]
['986b713a-b20b-4eb0-919e-c859d0508af7'],[1],27.0012,-0.163,0.050416167,432.38,[0.24]
['986b713a-b20b-4eb0-919e-c859d0508af7'],[1],9.5147,4.8739,0.323350165,430.14,[3.96]
['986b713a-b20b-4eb0-919e-c859d0508af7'],[1],-23.5983,7.9769,0.341625013,426.14,[3.96]
['986b713a-b20b-4eb0-919e-c859d0508af7'],[1],-37.5063,15.7147,0.192997018,422.14,[3.96]
['986b713a-b20b-4eb0-919e-c859d0508af7'],[1],-14.6664,23.2305,0.256938727,418.998,[1.36]
['986b713a-b20b-4eb0-919e-c859d0508af7'],[1],-9.4773,22.323,0.374588549,418.456,[0.76]
['986b713a-b20b-4eb0-919e-c859d0508af7'],[1],-20.5456,25.2704,0.11120602,418.144,[0.72]
['986b713a-b20b-4eb0-919e-c859d0508af7'],[1],-1.8832,19.0545,0.24332134,416.8188,[3.88]
['986b713a-b20b-4eb0-919e-c859d0508af7'],[1],10.2989,5.7849,0.213255798,412.82,[3.96]
['986b713a-b20b-4eb0-919e-c859d0508af7'],[1],7.6215,6.4559,0.258750836,408.82,[3.96]
['986b713a-b20b-4eb0-919e-c859d0508af7'],[1],14.9904,-4.2966,0.237321325,404.82,[3.96]
['986b713a-b20b-4eb0-919e-c859d0508af7'],[1],-16.4569,-13.5326,0.411517001,400.82,[3.96]
['986b713a-b20b-4eb0-919e-c859d0508af7'],[1],-35.5632,-13.7207,0.124283069,396.82,[3.96]
['986b713a-b20b-4eb0-919e-c859d0508af7'],[1],-33.0503,-8.7994,0.112959751,393.6784,[2.8]
['986b713a-b20b-4eb0-919e-c859d0508af7'],[1],-26.6218,-8.9613,0.217323798,389.98,[3.96]
['986b713a-b20b-4eb0-919e-c859d0508af7'],[1],-2.3623,-16.6768,0.325213578,385.98,[3.96]
['986b713a-b20b-4eb0-919e-c859d0508af7'],[1],31.2869,-22.4133,0.245963817,381.98,[3.96]
['986b713a-b20b-4eb0-919e-c859d0508af7'],[1],39.0418,-22.9248,0.047301654,377.98,[3.96]
['986b713a-b20b-4eb0-919e-c859d0508af7'],[1],41.1474,-22.7122,0.026207075,373.98,[3.96]
['986b713a-b20b-4eb0-919e-c859d0508af7'],[1],33.7389,-22.0327,0.170553765,369.98,[3.96]
['986b713a-b20b-4eb0-919e-c859d0508af7'],[1],11.449,-19.423,0.2624529,365.9,[3.96]
['986b713a-b20b-4eb0-919e-c859d0508af7'],[1],-7.0815,-11.2507,0.134421699,361.9,[3.96]
['986b713a-b20b-4eb0-919e-c859d0508af7'],[1],-13.7238,-8.4916,0.100782815,357.9,[3.96]
['986b713a-b20b-4eb0-919e-c859d0508af7'],[1],-26.0937,0.3916,0.325694451,353.9,[3.96]
['986b713a-b20b-4eb0-919e-c859d0508af7'],[1],-24.5504,11.0881,0.328586065,350.7844,[1.32]
['986b713a-b20b-4eb0-919e-c859d0508af7'],[1],-27.7844,-5.5255,0.12097178,350.0296,[2.04]
['986b713a-b20b-4eb0-919e-c859d0508af7'],[1],-28.2239,-8.7603,0.044584193,346.5,[3.96]
['986b713a-b20b-4eb0-919e-c859d0508af7'],[1],-34.3293,-4.7935,0.179356547,342.468,[4.]
['986b713a-b20b-4eb0-919e-c859d0508af7'],[1],-10.6578,3.3474,0.509634568,338.46,[3.96]
['986b713a-b20b-4eb0-919e-c859d0508af7'],[1],26.8724,15.5944,0.386638162,334.46,[3.96]
['986b713a-b20b-4eb0-919e-c859d0508af7'],[1],22.2903,-3.1949,0.454681541,330.46,[3.96]
['986b713a-b20b-4eb0-919e-c859d0508af7'],[1],-12.7219,-1.9038,0.276299698,326.46,[3.96]
['986b713a-b20b-4eb0-919e-c859d0508af7'],[1],-32.6036,9.6971,0.183487295,322.46,[3.96]
['986b713a-b20b-4eb0-919e-c859d0508af7'],[1],-33.8731,15.0681,0.106454573,318.46,[3.96]
['986b713a-b20b-4eb0-919e-c859d0508af7'],[1],-10.9546,18.8484,0.280635071,314.46,[3.96]
['986b713a-b20b-4eb0-919e-c859d0508af7'],[1],15.1362,16.3347,0.308484694,310.46,[3.96]
['986b713a-b20b-4eb0-919e-c859d0508af7'],[1],37.4231,5.4529,0.190357395,306.46,[3.96]
['986b713a-b20b-4eb0-919e-c859d0508af7'],[1],23.7511,-5.3254,0.427875298,302.46,[3.96]
['986b713a-b20b-4eb0-919e-c859d0508af7'],[1],26.4943,-20.7567,0.269250957,298.46,[3.96]
['986b713a-b20b-4eb0-919e-c859d0508af7'],[1],-21.231,-3.6151,0.551304885,294.46,[3.96]
['986b713a-b20b-4eb0-919e-c859d0508af7'],[1],-40.988,8.4542,0.106776219,290.46,[3.96]
['986b713a-b20b-4eb0-919e-c859d0508af7'],[1],-33.5647,12.6761,0.267933146,286.46,[3.96]
['986b713a-b20b-4eb0-919e-c859d0508af7'],[1],-9.9026,18.3628,0.249455036,282.46,[3.96]
['986b713a-b20b-4eb0-919e-c859d0508af7'],[1],21.0212,19.7729,0.337737863,278.46,[3.96]
['986b713a-b20b-4eb0-919e-c859d0508af7'],[1],39.0249,15.1211,0.259508967,274.46,[3.96]
['986b713a-b20b-4eb0-919e-c859d0508af7'],[1],41.6446,-13.0384,0.253041127,270.46,[3.96]
['986b713a-b20b-4eb0-919e-c859d0508af7'],[1],33.6157,-20.6977,0.182165985,266.46,[3.96]
['986b713a-b20b-4eb0-919e-c859d0508af7'],[1],5.3927,-10.6275,0.344426997,262.46,[3.96]
['986b713a-b20b-4eb0-919e-c859d0508af7'],[1],-16.8506,-10.6302,0.11744834,258.46,[3.96]
['986b713a-b20b-4eb0-919e-c859d0508af7'],[1],-33.1763,-1.8123,0.228849183,254.46,[3.96]
['986b713a-b20b-4eb0-919e-c859d0508af7'],[1],-26.1095,9.7788,0.318321131,250.46,[3.96]
['986b713a-b20b-4eb0-919e-c859d0508af7'],[1],9.9229,18.3393,0.353005356,246.46,[3.96]
['986b713a-b20b-4eb0-919e-c859d0508af7'],[1],34.5099,23.6145,0.151898766,242.46,[3.96]
['986b713a-b20b-4eb0-919e-c859d0508af7'],[1],39.0877,23.118,0.047012781,238.46,[3.96]
['986b713a-b20b-4eb0-919e-c859d0508af7'],[1],28.6873,20.1208,0.180451298,234.7412,[2.48]
['986b713a-b20b-4eb0-919e-c859d0508af7'],[1],11.8835,12.1186,0.552235114,233.96,[0.]
['e77c0b40-1652-4d89-8daf-a2f6028938dd'],[1],-4.0004,-27.3118,0.035580777,233,[0.]
['e77c0b40-1652-4d89-8daf-a2f6028938dd'],[1],-4.829,-25.4763,0.051083234,233,[0.]
['e77c0b40-1652-4d89-8daf-a2f6028938dd'],[1],-4.0855,-12.0333,0.246279162,233,[0.]
['e77c0b40-1652-4d89-8daf-a2f6028938dd'],[1],-8.5694,-7.5316,0.13513686,233.2116,[0.16]
['e77c0b40-1652-4d89-8daf-a2f6028938dd'],[1],-28.4121,-12.9771,0.229584524,230.82,[3.96]
['e77c0b40-1652-4d89-8daf-a2f6028938dd'],[1],-39.9769,-16.7432,0.041801673,226.82,[3.96]
['e77c0b40-1652-4d89-8daf-a2f6028938dd'],[1],-40.5451,-15.3898,0.040076759,222.82,[3.96]
['e77c0b40-1652-4d89-8daf-a2f6028938dd'],[1],-39.4769,-15.1385,0.076501256,218.82,[3.96]
['e77c0b40-1652-4d89-8daf-a2f6028938dd'],[1],-40.5078,-10.1182,0.112005217,214.82,[3.96]
['e77c0b40-1652-4d89-8daf-a2f6028938dd'],[1],-17.6689,-1.7641,0.388590668,210.82,[3.96]
['e77c0b40-1652-4d89-8daf-a2f6028938dd'],[1],8.0445,9.0167,0.188914212,206.82,[3.96]
['e77c0b40-1652-4d89-8daf-a2f6028938dd'],[1],26.5831,17.5015,0.247834243,202.82,[3.96]
['e77c0b40-1652-4d89-8daf-a2f6028938dd'],[1],17.9199,3.9588,0.34999718,198.82,[3.96]
['e77c0b40-1652-4d89-8daf-a2f6028938dd'],[1],23.3513,-15.2882,0.129817784,194.852,[3.92]
['e77c0b40-1652-4d89-8daf-a2f6028938dd'],[1],4.9619,-13.816,0.512132469,190.86,[3.96]
['e77c0b40-1652-4d89-8daf-a2f6028938dd'],[1],-42.6134,0.5299,0.360055668,186.844,[4.]
['e77c0b40-1652-4d89-8daf-a2f6028938dd'],[1],-7.0775,7.0221,0.62274904,182.82,[3.96]
['e77c0b40-1652-4d89-8daf-a2f6028938dd'],[1],36.6265,20.4824,0.195761219,178.82,[3.96]
['e77c0b40-1652-4d89-8daf-a2f6028938dd'],[1],36.1361,22.0543,0.18699884,174.82,[3.96]
['e77c0b40-1652-4d89-8daf-a2f6028938dd'],[1],2.5426,12.8616,0.508425052,170.852,[3.92]
['e77c0b40-1652-4d89-8daf-a2f6028938dd'],[1],-32.5898,11.0544,0.182545666,166.836,[4.]
['e77c0b40-1652-4d89-8daf-a2f6028938dd'],[1],-29.1569,5.9442,0.148160795,162.82,[3.96]
['986b713a-b20b-4eb0-919e-c859d0508af7'],[1],-19.0036,3.5413,0.831793864,160.1572,[0.8]
['986b713a-b20b-4eb0-919e-c859d0508af7'],[1],41.2089,9.1675,0.025421636,160,[0.]
['986b713a-b20b-4eb0-919e-c859d0508af7'],[1],40.6508,9.5102,0.027056545,158.442,[3.6]
['986b713a-b20b-4eb0-919e-c859d0508af7'],[1],41.0708,8.9589,0.049058265,154.46,[3.96]
['986b713a-b20b-4eb0-919e-c859d0508af7'],[1],40.9738,-5.9737,0.263748615,150.46,[3.96]
['986b713a-b20b-4eb0-919e-c859d0508af7'],[1],40.8599,-20.0092,0.105592392,146.46,[3.96]
['986b713a-b20b-4eb0-919e-c859d0508af7'],[1],29.5397,-17.5082,0.387498601,142.46,[3.96]
['986b713a-b20b-4eb0-919e-c859d0508af7'],[1],6.8423,1.3364,0.463893343,138.46,[3.96]
['986b713a-b20b-4eb0-919e-c859d0508af7'],[1],-37.8384,-1.5913,0.290277818,134.46,[3.96]
['986b713a-b20b-4eb0-919e-c859d0508af7'],[1],-40.1729,-2.9974,0.241135506,130.428,[4.]
['986b713a-b20b-4eb0-919e-c859d0508af7'],[1],-5.0749,-7.7421,0.381248384,126.42,[3.96]
['986b713a-b20b-4eb0-919e-c859d0508af7'],[1],16.3516,-6.5197,0.343258773,122.436,[3.92]
['986b713a-b20b-4eb0-919e-c859d0508af7'],[1],40.2627,9.1172,0.452611168,118.46,[3.96]
['986b713a-b20b-4eb0-919e-c859d0508af7'],[1],-2.8739,17.9245,0.567056942,114.46,[3.96]
['986b713a-b20b-4eb0-919e-c859d0508af7'],[1],-35.1287,13.0052,0.178237187,110.42,[3.96]
['986b713a-b20b-4eb0-919e-c859d0508af7'],[1],-23.8807,7.8743,0.128614364,106.42,[3.96]
['986b713a-b20b-4eb0-919e-c859d0508af7'],[1],-20.0717,6.6606,0.068106014,102.444,[3.92]
['986b713a-b20b-4eb0-919e-c859d0508af7'],[1],-5.956,14.6428,0.447358546,98.444,[4.]
['986b713a-b20b-4eb0-919e-c859d0508af7'],[1],33.7934,22.394,0.180404586,94.428,[3.92]
['986b713a-b20b-4eb0-919e-c859d0508af7'],[1],36.4885,22.6517,0.656125072,90.6004,[2.92]
['986b713a-b20b-4eb0-919e-c859d0508af7'],[1],-25.4976,8.7201,0.024687914,89.52,[0.]
['986b713a-b20b-4eb0-919e-c859d0508af7'],[1],-21.4121,7.759,0.095506817,87.6576,[3.84]
['986b713a-b20b-4eb0-919e-c859d0508af7'],[1],-15.4296,5.3024,0.068342456,83.612,[4.04]
['986b713a-b20b-4eb0-919e-c859d0508af7'],[1],-19.895,3.3409,0.169043738,79.58,[3.96]
['986b713a-b20b-4eb0-919e-c859d0508af7'],[1],-22.6326,-7.7853,0.691739154,76.9084,[0.72]
['986b713a-b20b-4eb0-919e-c859d0508af7'],[1],32.4943,-19.9439,0.16855902,76.2676,[2.12]
['986b713a-b20b-4eb0-919e-c859d0508af7'],[1],42.7596,-23.2218,0.046505662,72.66,[3.96]
['986b713a-b20b-4eb0-919e-c859d0508af7'],[1],43.3079,-23.2595,0.021797211,68.66,[3.96]
['986b713a-b20b-4eb0-919e-c859d0508af7'],[1],31.4441,-15.2263,0.408419715,64.66,[3.96]
['986b713a-b20b-4eb0-919e-c859d0508af7'],[1],29.8469,9.6383,0.389020446,61.206,[2.28]
['986b713a-b20b-4eb0-919e-c859d0508af7'],[1],-13.6537,10.6276,0.443074934,58.34,[3.96]
['986b713a-b20b-4eb0-919e-c859d0508af7'],[1],-38.9152,11.9135,0.103301866,54.34,[3.96]
['986b713a-b20b-4eb0-919e-c859d0508af7'],[1],-39.8745,10.7019,0.105770287,50.3,[3.96]
['986b713a-b20b-4eb0-919e-c859d0508af7'],[1],-24.8803,10.9366,0.331405157,46.3,[3.96]
['986b713a-b20b-4eb0-919e-c859d0508af7'],[1],2.1473,21.8214,0.352625328,42.3,[3.96]
['986b713a-b20b-4eb0-919e-c859d0508af7'],[1],31.9983,16.647,0.201117488,38.308,[3.94]
['986b713a-b20b-4eb0-919e-c859d0508af7'],[1],23.4624,16.5317,0.197583593,34.7712,[2.08]
['986b713a-b20b-4eb0-919e-c859d0508af7'],[1],-0.8654,14.8775,0.282225842,32.758,[3.4]
['986b713a-b20b-4eb0-919e-c859d0508af7'],[1],-26.0867,16.0365,0.214241922,28.8,[3.96]
['986b713a-b20b-4eb0-919e-c859d0508af7'],[1],-37.3744,13.3231,0.04112303,24.8,[3.96]
['986b713a-b20b-4eb0-919e-c859d0508af7'],[1],-35.8584,11.8341,0.119250923,20.8,[3.96]
['986b713a-b20b-4eb0-919e-c859d0508af7'],[1],-34.0797,13.0731,0.18670409,18.5908,[1.]
['986b713a-b20b-4eb0-919e-c859d0508af7'],[1],-25.83,13.584,0.310313235,15.764,[3.94]
['986b713a-b20b-4eb0-919e-c859d0508af7'],[1],2.0435,17.5413,0.164093753,11.78,[3.96]
['986b713a-b20b-4eb0-919e-c859d0508af7'],[1],7.3841,18.0134,0.128418227,7.78,[3.96]
['986b713a-b20b-4eb0-919e-c859d0508af7'],[1],18.3124,11.9255,0.154554733,3.78,[3.96]
['986b713a-b20b-4eb0-919e-c859d0508af7'],[1],8.8265,11.346,0.194060643,0.3952,[1.76]
['986b713a-b20b-4eb0-919e-c859d0508af7'],[2],-8.1851,2.6455,0.202643987,410.4,[720.]
['986b713a-b20b-4eb0-919e-c859d0508af7'],[2],-22.3151,-8.3467,0.282059396,720,[0.]
['986b713a-b20b-4eb0-919e-c859d0508af7'],[2],-18.167,-3.6111,0.088444198,720,[0.]
['986b713a-b20b-4eb0-919e-c859d0508af7'],[2],-12.8155,-3.3237,0.095525061,719.0616,[2.72]
['986b713a-b20b-4eb0-919e-c859d0508af7'],[2],-18.5296,-11.8242,0.174791053,715.26,[3.96]
['986b713a-b20b-4eb0-919e-c859d0508af7'],[2],-32.9875,-12.4529,0.137255827,711.26,[3.96]
['986b713a-b20b-4eb0-919e-c859d0508af7'],[2],-34.3919,-16.9926,0.096496183,707.26,[3.96]
['986b713a-b20b-4eb0-919e-c859d0508af7'],[2],-31.117,-8.154,0.238988151,703.26,[3.96]
['986b713a-b20b-4eb0-919e-c859d0508af7'],[2],-4.0566,-12.2233,0.60900569,699.26,[3.96]
['986b713a-b20b-4eb0-919e-c859d0508af7'],[2],43.4848,8.1276,0.484692987,695.26,[3.96]
['986b713a-b20b-4eb0-919e-c859d0508af7'],[2],7.0748,15.634,0.467892808,691.228,[4.]
['986b713a-b20b-4eb0-919e-c859d0508af7'],[2],-23.7231,12.4075,0.14865115,687.22,[3.96]
['986b713a-b20b-4eb0-919e-c859d0508af7'],[2],-27.5146,13.0862,0.075672414,683.22,[3.96]
['986b713a-b20b-4eb0-919e-c859d0508af7'],[2],-32.851,10.1256,0.113201634,679.22,[3.96]
['986b713a-b20b-4eb0-919e-c859d0508af7'],[2],-38.5875,7.1172,0.102785723,675.22,[3.96]
['986b713a-b20b-4eb0-919e-c859d0508af7'],[2],-21.4798,8.6884,0.353368131,671.22,[3.96]
['986b713a-b20b-4eb0-919e-c859d0508af7'],[2],15.112,-10.4122,0.452667038,667.22,[3.96]
['986b713a-b20b-4eb0-919e-c859d0508af7'],[2],16.3472,0.052,0.284661165,663.22,[3.96]
['986b713a-b20b-4eb0-919e-c859d0508af7'],[2],38.5818,5.7419,0.306950588,659.22,[3.96]
['986b713a-b20b-4eb0-919e-c859d0508af7'],[2],27.2857,17.432,0.270951043,655.22,[3.96]
['986b713a-b20b-4eb0-919e-c859d0508af7'],[2],8.2727,19.2186,0.180814089,651.22,[3.96]
['986b713a-b20b-4eb0-919e-c859d0508af7'],[2],30.4706,23.2782,0.272270019,647.22,[3.96]
['986b713a-b20b-4eb0-919e-c859d0508af7'],[2],36.2513,23.0942,0.119259894,643.3204,[3.2]
['986b713a-b20b-4eb0-919e-c859d0508af7'],[2],26.3202,-7.7003,0.523039697,641.976,[0.04]
['986b713a-b20b-4eb0-919e-c859d0508af7'],[2],20.3802,-13.3704,0.430838829,641.1696,[2.48]
['986b713a-b20b-4eb0-919e-c859d0508af7'],[2],17.234,17.3877,0.236910963,637.444,[4.04]
['986b713a-b20b-4eb0-919e-c859d0508af7'],[2],14.766,12.0469,0.183987458,633.38,[3.96]
['986b713a-b20b-4eb0-919e-c859d0508af7'],[2],4.1362,12.8152,0.129834296,629.38,[3.96]
['986b713a-b20b-4eb0-919e-c859d0508af7'],[2],11.8648,8.0046,0.21553814,625.38,[3.96]
['986b713a-b20b-4eb0-919e-c859d0508af7'],[2],23.5537,6.4859,0.295217147,621.38,[3.96]
['986b713a-b20b-4eb0-919e-c859d0508af7'],[2],31.7974,8.3698,0.397560293,617.38,[3.96]
['986b713a-b20b-4eb0-919e-c859d0508af7'],[2],-6.4765,5.5711,0.24750625,613.38,[3.96]
['986b713a-b20b-4eb0-919e-c859d0508af7'],[2],-19.0875,4.1742,0.077081431,609.38,[3.96]
['986b713a-b20b-4eb0-919e-c859d0508af7'],[2],-21.6931,3.305,0.122481096,605.38,[3.96]
['986b713a-b20b-4eb0-919e-c859d0508af7'],[2],-19.3036,-7.3468,0.135755198,601.38,[3.96]
['986b713a-b20b-4eb0-919e-c859d0508af7'],[2],-31.0041,-11.4019,0.239553532,598.65,[1.96]
['986b713a-b20b-4eb0-919e-c859d0508af7'],[2],-34.1569,-9.9923,0.06701118,595.364,[4.]
['986b713a-b20b-4eb0-919e-c859d0508af7'],[2],-35.8096,-10.0201,0.106896716,591.34,[3.96]
['986b713a-b20b-4eb0-919e-c859d0508af7'],[2],-38.9365,-4.7841,0.113726888,589.36,[0.]
['986b713a-b20b-4eb0-919e-c859d0508af7'],[2],-33.8713,-10.9962,0.022286212,589,[0.]
['986b713a-b20b-4eb0-919e-c859d0508af7'],[2],-33.5899,-10.7285,0.020982342,589,[0.]
['986b713a-b20b-4eb0-919e-c859d0508af7'],[2],-34.658,2.5905,0.188921286,589,[0.]
['986b713a-b20b-4eb0-919e-c859d0508af7'],[2],-34.9009,7.1501,0.07580642,589,[0.]
['986b713a-b20b-4eb0-919e-c859d0508af7'],[2],-32.6705,-2.486,0.171122927,589.0496,[0.]
['986b713a-b20b-4eb0-919e-c859d0508af7'],[2],-28.2796,-11.5028,0.281044505,586.98,[3.96]
['986b713a-b20b-4eb0-919e-c859d0508af7'],[2],0.3776,-9.8038,0.268350983,582.98,[3.96]
['986b713a-b20b-4eb0-919e-c859d0508af7'],[2],18.6024,4.3263,0.343660342,578.98,[3.96]
['986b713a-b20b-4eb0-919e-c859d0508af7'],[2],26.541,11.3954,0.33532132,574.98,[3.96]
['986b713a-b20b-4eb0-919e-c859d0508af7'],[2],23.985,3.7667,0.399108026,570.98,[3.96]
['986b713a-b20b-4eb0-919e-c859d0508af7'],[2],-12.3679,2.7982,0.241198253,566.98,[3.96]
['986b713a-b20b-4eb0-919e-c859d0508af7'],[2],-25.429,6.8255,0.140159392,562.98,[3.96]
['986b713a-b20b-4eb0-919e-c859d0508af7'],[2],-32.7622,-2.7251,0.297249497,558.98,[3.96]
['986b713a-b20b-4eb0-919e-c859d0508af7'],[2],-0.4172,-5.7448,0.374309908,554.98,[3.96]
['986b713a-b20b-4eb0-919e-c859d0508af7'],[2],16.7792,-11.2156,0.087250841,550.98,[3.96]
['986b713a-b20b-4eb0-919e-c859d0508af7'],[2],1.298,-9.6534,0.348929846,548.8424,[0.12]
['986b713a-b20b-4eb0-919e-c859d0508af7'],[2],-16.6755,-3.0476,0.132810873,548.5736,[1.44]
['986b713a-b20b-4eb0-919e-c859d0508af7'],[2],-20.582,10.3651,0.153356182,545.38,[3.96]
['986b713a-b20b-4eb0-919e-c859d0508af7'],[2],-25.1368,9.8502,0.322118026,541.38,[3.96]
['986b713a-b20b-4eb0-919e-c859d0508af7'],[2],24.544,16.4048,0.4817949,537.38,[3.96]
['986b713a-b20b-4eb0-919e-c859d0508af7'],[2],19.4905,17.7236,0.394982615,533.332,[4.04]
['986b713a-b20b-4eb0-919e-c859d0508af7'],[2],-20.8776,15.0399,0.30380911,529.3,[3.96]
['986b713a-b20b-4eb0-919e-c859d0508af7'],[2],-31.8437,15.5801,0.161292055,525.3,[3.96]
['986b713a-b20b-4eb0-919e-c859d0508af7'],[2],-37.5366,8.1785,0.32484035,521.3,[3.96]
['986b713a-b20b-4eb0-919e-c859d0508af7'],[2],-36.3519,25.2364,0.231592412,517.3,[3.96]
['986b713a-b20b-4eb0-919e-c859d0508af7'],[2],0.1008,8.422,0.453980534,513.3,[3.96]
['986b713a-b20b-4eb0-919e-c859d0508af7'],[2],24.3049,0.2057,0.158003058,509.3,[3.96]
['986b713a-b20b-4eb0-919e-c859d0508af7'],[2],8.7075,0.8239,0.409128963,505.3,[3.96]
['986b713a-b20b-4eb0-919e-c859d0508af7'],[2],-32.4292,-9.7765,0.264931201,501.3,[3.96]
['986b713a-b20b-4eb0-919e-c859d0508af7'],[2],-38.4857,-12.453,0.07325667,498.728,[0.6]
['986b713a-b20b-4eb0-919e-c859d0508af7'],[2],-42.6692,-15.2865,0.018663252,498.68,[0.]
['986b713a-b20b-4eb0-919e-c859d0508af7'],[2],-34.5337,-11.2587,0.231496454,496.7468,[3.92]
['986b713a-b20b-4eb0-919e-c859d0508af7'],[2],-4.4292,4.9353,0.405006979,492.74,[3.96]
['986b713a-b20b-4eb0-919e-c859d0508af7'],[2],18.1523,18.3863,0.116418498,488.74,[3.96]
['986b713a-b20b-4eb0-919e-c859d0508af7'],[2],28.2492,22.2263,0.128093755,484.74,[3.96]
['986b713a-b20b-4eb0-919e-c859d0508af7'],[2],27.433,20.1939,0.19323568,480.74,[3.96]
['986b713a-b20b-4eb0-919e-c859d0508af7'],[2],-6.3633,14.6283,0.421951539,476.74,[3.96]
['986b713a-b20b-4eb0-919e-c859d0508af7'],[2],-36.655,11.7631,0.265052222,472.74,[3.96]
['986b713a-b20b-4eb0-919e-c859d0508af7'],[2],-31.1058,-5.4197,0.318058029,468.74,[3.96]
['986b713a-b20b-4eb0-919e-c859d0508af7'],[2],-37.1264,-6.9494,0.270571512,464.74,[3.96]
['986b713a-b20b-4eb0-919e-c859d0508af7'],[2],-2.969,-17.0826,0.566033493,460.74,[3.96]
['986b713a-b20b-4eb0-919e-c859d0508af7'],[2],22.5199,-17.5469,0.151076929,456.744,[3.8]
['986b713a-b20b-4eb0-919e-c859d0508af7'],[2],7.4694,-14.6443,0.211662332,454.92,[0.]
['986b713a-b20b-4eb0-919e-c859d0508af7'],[2],-21.1704,1.4683,0.365930486,454.184,[0.92]
['986b713a-b20b-4eb0-919e-c859d0508af7'],[2],-27.0846,11.9315,0.117941489,454.252,[0.56]
['986b713a-b20b-4eb0-919e-c859d0508af7'],[2],-38.3148,14.9229,0.098506061,451.42,[3.96]
['986b713a-b20b-4eb0-919e-c859d0508af7'],[2],-36.1326,17.0806,0.132309047,447.42,[3.96]
['986b713a-b20b-4eb0-919e-c859d0508af7'],[2],-38.9382,9.1172,0.144995164,443.42,[3.96]
['986b713a-b20b-4eb0-919e-c859d0508af7'],[2],-40.6268,4.615,0.152144926,439.42,[3.96]
['986b713a-b20b-4eb0-919e-c859d0508af7'],[2],-18.4642,-4.3766,0.339533257,435.42,[3.96]
['986b713a-b20b-4eb0-919e-c859d0508af7'],[2],11.9178,-15.7007,0.251564404,431.42,[3.96]
['986b713a-b20b-4eb0-919e-c859d0508af7'],[2],17.2622,-1.4169,0.415189207,427.42,[3.96]
['986b713a-b20b-4eb0-919e-c859d0508af7'],[2],10.1246,14.917,0.08369155,423.428,[3.92]
['986b713a-b20b-4eb0-919e-c859d0508af7'],[2],12.5613,9.1066,0.161695447,419.46,[3.96]
['986b713a-b20b-4eb0-919e-c859d0508af7'],[2],17.4124,12.4715,0.071852532,415.46,[3.96]
['986b713a-b20b-4eb0-919e-c859d0508af7'],[2],5.8752,2.6132,0.397430068,411.46,[3.96]
['986b713a-b20b-4eb0-919e-c859d0508af7'],[2],-32.8235,-10.4003,0.371767158,407.46,[3.96]
['986b713a-b20b-4eb0-919e-c859d0508af7'],[2],-42.7733,2.4229,0.159158878,403.46,[3.96]
['986b713a-b20b-4eb0-919e-c859d0508af7'],[2],-39.0771,-4.9281,0.213429889,399.46,[3.96]
['986b713a-b20b-4eb0-919e-c859d0508af7'],[2],-2.0128,-15.4436,0.466392548,395.46,[3.96]
['986b713a-b20b-4eb0-919e-c859d0508af7'],[2],13.2673,-16.3085,0.140518369,391.42,[3.96]
['986b713a-b20b-4eb0-919e-c859d0508af7'],[2],14.6312,-12.466,0.114242992,387.452,[3.92]
['986b713a-b20b-4eb0-919e-c859d0508af7'],[2],-4.377,-3.5524,0.281040148,385.1452,[0.44]
['986b713a-b20b-4eb0-919e-c859d0508af7'],[2],-12.9257,0.2725,0.01823048,385.0976,[0.04]
['986b713a-b20b-4eb0-919e-c859d0508af7'],[2],-14.7838,-0.3789,0.09208687,382.94,[3.96]
['986b713a-b20b-4eb0-919e-c859d0508af7'],[2],-21.7633,5.435,0.296723592,378.94,[3.96]
['986b713a-b20b-4eb0-919e-c859d0508af7'],[2],-26.9384,-7.2002,0.186614878,374.9424,[3.84]
['986b713a-b20b-4eb0-919e-c859d0508af7'],[2],-38.7837,-7.929,0.174767254,373.016,[0.08]
['986b713a-b20b-4eb0-919e-c859d0508af7'],[2],-40.5021,-7.4342,0.027761665,373,[0.]
['986b713a-b20b-4eb0-919e-c859d0508af7'],[2],-36.0632,-6.7697,0.154759689,373.016,[0.04]
['986b713a-b20b-4eb0-919e-c859d0508af7'],[2],-7.3319,-15.0149,0.385803887,372.446,[2.16]
['986b713a-b20b-4eb0-919e-c859d0508af7'],[2],20.3433,-18.2956,0.135026001,368.86,[3.96]
['986b713a-b20b-4eb0-919e-c859d0508af7'],[2],16.4686,-5.8257,0.301484839,364.86,[3.96]
['986b713a-b20b-4eb0-919e-c859d0508af7'],[2],12.7711,9.5195,0.07930189,360.86,[3.96]
['986b713a-b20b-4eb0-919e-c859d0508af7'],[2],-5.7894,7.3561,0.337168035,356.86,[3.96]
['986b713a-b20b-4eb0-919e-c859d0508af7'],[2],-25.8408,9.8218,0.171474959,352.86,[3.96]
['986b713a-b20b-4eb0-919e-c859d0508af7'],[2],-35.229,6.6686,0.297444149,348.86,[3.96]
['986b713a-b20b-4eb0-919e-c859d0508af7'],[2],-26.2928,0.2195,0.300481361,344.86,[3.96]
['986b713a-b20b-4eb0-919e-c859d0508af7'],[2],21.9545,1.4153,0.563949939,340.86,[3.96]
['986b713a-b20b-4eb0-919e-c859d0508af7'],[2],10.0622,5.6184,0.54293203,336.86,[3.96]
['986b713a-b20b-4eb0-919e-c859d0508af7'],[2],-22.5689,15.2276,0.159159935,332.86,[3.96]
['986b713a-b20b-4eb0-919e-c859d0508af7'],[2],-29.7198,14.849,0.148772564,328.86,[3.96]
['986b713a-b20b-4eb0-919e-c859d0508af7'],[2],-32.1493,13.6092,0.215833971,325.818,[1.24]
['986b713a-b20b-4eb0-919e-c859d0508af7'],[2],-17.2596,14.62,0.026333817,325.6,[0.]
['986b713a-b20b-4eb0-919e-c859d0508af7'],[2],-17.4785,15.0864,0.018610587,325.64,[0.]
['986b713a-b20b-4eb0-919e-c859d0508af7'],[2],-16.2707,14.6955,0.029626347,325.128,[0.64]
['986b713a-b20b-4eb0-919e-c859d0508af7'],[2],-18.7509,12.3737,0.06934879,325,[0.]
['986b713a-b20b-4eb0-919e-c859d0508af7'],[2],-23.4904,8.3033,0.125343237,325.24,[0.6]
['986b713a-b20b-4eb0-919e-c859d0508af7'],[2],-34.9287,3.9431,0.174330438,325.2388,[1.68]
['986b713a-b20b-4eb0-919e-c859d0508af7'],[2],-18.172,-0.0419,0.246551797,321.9,[3.96]
['986b713a-b20b-4eb0-919e-c859d0508af7'],[2],8.8323,-11.5455,0.357362459,317.9,[3.96]
['986b713a-b20b-4eb0-919e-c859d0508af7'],[2],18.0712,-15.2774,0.091372491,313.9,[3.96]
['986b713a-b20b-4eb0-919e-c859d0508af7'],[2],2.9148,-12.1934,0.355655733,309.9,[3.96]
['986b713a-b20b-4eb0-919e-c859d0508af7'],[2],-32.7443,-12.4398,0.227659857,305.9,[3.96]
['986b713a-b20b-4eb0-919e-c859d0508af7'],[2],-33.3263,-9.6347,0.134334478,301.892,[4.]
['986b713a-b20b-4eb0-919e-c859d0508af7'],[2],-30.4992,-6.7807,0.213027765,297.86,[3.96]
['986b713a-b20b-4eb0-919e-c859d0508af7'],[2],1.1922,13.3475,0.399907653,293.9,[3.96]
['986b713a-b20b-4eb0-919e-c859d0508af7'],[2],19.6943,21.9115,0.151049539,289.9,[3.96]
['986b713a-b20b-4eb0-919e-c859d0508af7'],[2],32.7353,21.6338,0.098809527,285.9,[3.96]
['986b713a-b20b-4eb0-919e-c859d0508af7'],[2],37.5733,23.3312,0.042857028,281.9,[3.96]
['986b713a-b20b-4eb0-919e-c859d0508af7'],[2],25.9776,16.2788,0.369860837,277.9,[3.96]
['986b713a-b20b-4eb0-919e-c859d0508af7'],[2],40.2475,-10.9608,0.470506213,273.9,[3.96]
['986b713a-b20b-4eb0-919e-c859d0508af7'],[2],9.1867,-15.2585,0.555004739,269.9,[3.96]
['986b713a-b20b-4eb0-919e-c859d0508af7'],[2],-34.5254,-11.8832,0.237484397,265.9,[3.96]
['986b713a-b20b-4eb0-919e-c859d0508af7'],[2],-38.1441,-12.1337,0.130768092,261.9,[3.96]
['986b713a-b20b-4eb0-919e-c859d0508af7'],[2],-6.0794,-5.6525,0.414994721,257.884,[4.]
['986b713a-b20b-4eb0-919e-c859d0508af7'],[2],2.0425,-6.0409,0.314642127,253.868,[3.92]
['986b713a-b20b-4eb0-919e-c859d0508af7'],[2],-21.3547,-11.6405,0.155886662,249.9,[3.96]
['986b713a-b20b-4eb0-919e-c859d0508af7'],[2],-23.4906,-6.4623,0.109473402,245.86,[3.96]
['986b713a-b20b-4eb0-919e-c859d0508af7'],[2],-37.7444,-4.1494,0.174861421,241.892,[3.92]
['986b713a-b20b-4eb0-919e-c859d0508af7'],[2],-34.3044,-4.2016,0.147432232,237.9,[3.96]
['986b713a-b20b-4eb0-919e-c859d0508af7'],[2],-13.5763,-2.9115,0.223590603,233.884,[4.]
['986b713a-b20b-4eb0-919e-c859d0508af7'],[2],2.9165,-1.1881,0.081880359,229.868,[3.92]
['986b713a-b20b-4eb0-919e-c859d0508af7'],[2],10.5085,6.4463,0.279003259,225.9,[3.96]
['986b713a-b20b-4eb0-919e-c859d0508af7'],[2],25.2287,3.0387,0.416329318,221.9,[3.96]
['986b713a-b20b-4eb0-919e-c859d0508af7'],[2],-0.1664,-18.9482,0.468830378,217.9,[3.96]
['986b713a-b20b-4eb0-919e-c859d0508af7'],[2],-26.1736,-5.4106,0.178288422,213.9,[3.96]
['986b713a-b20b-4eb0-919e-c859d0508af7'],[2],-23.9142,-7.3874,0.267726937,209.9,[3.96]
['986b713a-b20b-4eb0-919e-c859d0508af7'],[2],-24.6941,-8.3138,0.140466495,205.9,[3.96]
['986b713a-b20b-4eb0-919e-c859d0508af7'],[2],-29.5639,-10.0661,0.30728686,201.9,[3.96]
['986b713a-b20b-4eb0-919e-c859d0508af7'],[2],-39.5016,-4.3685,0.073505194,197.9,[3.96]
['986b713a-b20b-4eb0-919e-c859d0508af7'],[2],-23.7702,-8.6074,0.317919198,193.9,[3.96]
['986b713a-b20b-4eb0-919e-c859d0508af7'],[2],4.8914,-14.6928,0.159327741,189.9,[3.96]
['986b713a-b20b-4eb0-919e-c859d0508af7'],[2],7.8204,-8.4458,0.221559575,185.9,[3.96]
['986b713a-b20b-4eb0-919e-c859d0508af7'],[2],-5.6029,-4.078,0.14594195,181.9,[3.96]
['986b713a-b20b-4eb0-919e-c859d0508af7'],[2],-21.8527,-6.1047,0.134584677,177.9,[3.96]
['986b713a-b20b-4eb0-919e-c859d0508af7'],[2],-27.6884,-3.6383,0.147887038,173.9,[3.96]
['986b713a-b20b-4eb0-919e-c859d0508af7'],[2],-39.1749,-6.3112,0.105422649,169.868,[4.]
['986b713a-b20b-4eb0-919e-c859d0508af7'],[2],-39.609,-7.9078,0.102334044,165.884,[3.92]
['986b713a-b20b-4eb0-919e-c859d0508af7'],[2],-45.0671,0.909,0.156721914,161.884,[4.]
['986b713a-b20b-4eb0-919e-c859d0508af7'],[2],-31.3881,5.4738,0.222481604,157.86,[3.96]
['986b713a-b20b-4eb0-919e-c859d0508af7'],[2],-9.1357,2.9014,0.212069376,153.86,[3.96]
['986b713a-b20b-4eb0-919e-c859d0508af7'],[2],5.0802,4.2815,0.119952069,149.9,[3.96]
['986b713a-b20b-4eb0-919e-c859d0508af7'],[2],16.9132,16.9758,0.207336851,145.9,[3.96]
['986b713a-b20b-4eb0-919e-c859d0508af7'],[2],23.9482,20.1115,0.083288373,141.9,[3.96]
['986b713a-b20b-4eb0-919e-c859d0508af7'],[2],9.4812,15.4152,0.278461515,137.9,[3.96]
['986b713a-b20b-4eb0-919e-c859d0508af7'],[2],-26.8649,7.9987,0.327137153,133.9,[3.96]
['986b713a-b20b-4eb0-919e-c859d0508af7'],[2],-40.0639,-4.1948,0.212941595,129.9,[3.96]
['986b713a-b20b-4eb0-919e-c859d0508af7'],[2],-40.3836,-4.7219,0.086151247,125.9,[3.96]
['986b713a-b20b-4eb0-919e-c859d0508af7'],[2],-38.4502,-12.811,0.159121,121.9,[3.96]
['986b713a-b20b-4eb0-919e-c859d0508af7'],[2],-22.2873,-18.5191,0.219184229,117.876,[4.]
['986b713a-b20b-4eb0-919e-c859d0508af7'],[2],-0.8018,-17.8488,0.205229,113.86,[3.96]
['986b713a-b20b-4eb0-919e-c859d0508af7'],[2],12.8389,-2.33,0.274578221,109.86,[3.96]
['986b713a-b20b-4eb0-919e-c859d0508af7'],[2],17.6755,5.7294,0.128216886,105.86,[3.96]
['986b713a-b20b-4eb0-919e-c859d0508af7'],[2],9.2725,16.2669,0.312172105,101.9,[3.96]
['986b713a-b20b-4eb0-919e-c859d0508af7'],[2],-27.4405,18.0717,0.305920773,97.9,[3.96]
['986b713a-b20b-4eb0-919e-c859d0508af7'],[2],-41.049,12.7733,0.107716239,93.9,[3.96]
['986b713a-b20b-4eb0-919e-c859d0508af7'],[2],-30.8599,10.8526,0.164627162,89.884,[4.]
['986b713a-b20b-4eb0-919e-c859d0508af7'],[2],-38.1409,6.2865,0.218840489,87.24,[0.84]
['986b713a-b20b-4eb0-919e-c859d0508af7'],[2],-34.2774,7.4703,0.206396785,87,[0.]
['986b713a-b20b-4eb0-919e-c859d0508af7'],[2],-31.2022,-3.5743,0.128284976,87,[0.]
['986b713a-b20b-4eb0-919e-c859d0508af7'],[2],-15.4312,-6.7793,0.27523554,86.714,[1.64]
['986b713a-b20b-4eb0-919e-c859d0508af7'],[2],23.5212,-3.3935,0.407691809,83.34,[3.96]
['986b713a-b20b-4eb0-919e-c859d0508af7'],[2],26.4876,4.2822,0.322063254,79.34,[3.96]
['986b713a-b20b-4eb0-919e-c859d0508af7'],[2],23.3977,-8.1089,0.180339595,75.34,[3.96]
['986b713a-b20b-4eb0-919e-c859d0508af7'],[2],18.2835,-11.2856,0.09654397,71.34,[3.96]
['986b713a-b20b-4eb0-919e-c859d0508af7'],[2],22.7301,-15.2063,0.120463752,67.34,[3.96]
['986b713a-b20b-4eb0-919e-c859d0508af7'],[2],26.4505,-17.1914,0.05976992,63.34,[3.96]
['986b713a-b20b-4eb0-919e-c859d0508af7'],[2],33.8443,-10.2647,0.382433392,59.46,[3.]
['986b713a-b20b-4eb0-919e-c859d0508af7'],[2],27.4916,8.0021,0.353948385,58.328,[0.02]
['986b713a-b20b-4eb0-919e-c859d0508af7'],[2],27.2977,-0.2931,0.035253106,58.332,[0.04]
['986b713a-b20b-4eb0-919e-c859d0508af7'],[2],23.8508,-0.1018,0.103826311,58.3,[0.]
['986b713a-b20b-4eb0-919e-c859d0508af7'],[2],27.2647,-0.443,0.048958272,58.3,[0.]
['986b713a-b20b-4eb0-919e-c859d0508af7'],[2],-3.6263,2.1237,0.583368243,58.1942,[0.9]
['986b713a-b20b-4eb0-919e-c859d0508af7'],[2],-41.0201,4.9986,0.154921496,55.38,[3.96]
['986b713a-b20b-4eb0-919e-c859d0508af7'],[2],-34.844,-4.6071,0.26753256,51.38,[3.96]
['986b713a-b20b-4eb0-919e-c859d0508af7'],[2],-25.6232,-5.4079,0.371941328,47.38,[3.96]
['986b713a-b20b-4eb0-919e-c859d0508af7'],[2],-37.0183,-15.969,0.232307399,43.38,[3.96]
['986b713a-b20b-4eb0-919e-c859d0508af7'],[2],-33.3969,-15.7426,0.337458829,39.38,[3.96]
['986b713a-b20b-4eb0-919e-c859d0508af7'],[2],-1.1668,-0.2308,0.290821873,35.396,[3.94]
['986b713a-b20b-4eb0-919e-c859d0508af7'],[2],1.609,-3.111,0.249524324,32.4512,[1.08]
['986b713a-b20b-4eb0-919e-c859d0508af7'],[2],-20.2952,-12.7575,0.12785889,30.6438,[3.62]
['986b713a-b20b-4eb0-919e-c859d0508af7'],[2],-22.2959,-13.524,0.032367868,26.66,[3.96]
['986b713a-b20b-4eb0-919e-c859d0508af7'],[2],-21.3696,-13.8199,0.118689838,22.66,[3.96]
['986b713a-b20b-4eb0-919e-c859d0508af7'],[2],-27.2896,4.3664,0.260722197,19.276,[1.76]
['986b713a-b20b-4eb0-919e-c859d0508af7'],[2],-32.9822,16.0628,0.120135012,18.048,[2.56]
['986b713a-b20b-4eb0-919e-c859d0508af7'],[2],-14.8698,14.1563,0.238021935,14.312,[3.94]
['986b713a-b20b-4eb0-919e-c859d0508af7'],[2],5.1076,4.3168,0.255237505,10.312,[3.98]
['986b713a-b20b-4eb0-919e-c859d0508af7'],[2],13.3961,-9.3209,0.161709299,6.3,[3.96]
['986b713a-b20b-4eb0-919e-c859d0508af7'],[2],20.4454,-13.8673,0.030759182,2.3,[3.96]
['986b713a-b20b-4eb0-919e-c859d0508af7'],[2],17.2742,-13.0713,0.100312866,0.0088,[0.28]
['986b713a-b20b-4eb0-919e-c859d0508af7'],[3],13.9212,-4.1777,0.15381072,701.88,[720.]
['986b713a-b20b-4eb0-919e-c859d0508af7'],[3],15.1334,-2.1813,0.008345804,720,[0.]
['986b713a-b20b-4eb0-919e-c859d0508af7'],[3],14.9207,-2.8268,0.031710247,719.8016,[1.24]
['986b713a-b20b-4eb0-919e-c859d0508af7'],[3],15.9553,-6.3248,0.128726626,716.74,[3.96]
['986b713a-b20b-4eb0-919e-c859d0508af7'],[3],30.6564,-6.4172,0.207493119,712.74,[3.96]
['986b713a-b20b-4eb0-919e-c859d0508af7'],[3],40.4234,10.8178,0.268240332,708.74,[3.96]
['986b713a-b20b-4eb0-919e-c859d0508af7'],[3],34.7779,16.0256,0.062745115,705.0844,[2.32]
['986b713a-b20b-4eb0-919e-c859d0508af7'],[3],23.9821,15.7304,0.196101201,704.4,[0.]
['986b713a-b20b-4eb0-919e-c859d0508af7'],[3],18.5077,15.2775,0.050337874,704.416,[0.04]
['986b713a-b20b-4eb0-919e-c859d0508af7'],[3],20.511,13.8743,0.100982224,704.352,[0.44]
['986b713a-b20b-4eb0-919e-c859d0508af7'],[3],19.0215,8.0521,0.03765349,704,[0.]
['986b713a-b20b-4eb0-919e-c859d0508af7'],[3],15.8996,9.047,0.166633294,704,[0.]
['986b713a-b20b-4eb0-919e-c859d0508af7'],[3],-8.7145,15.5589,0.267449381,703.9096,[1.36]
['986b713a-b20b-4eb0-919e-c859d0508af7'],[3],-24.5697,16.006,0.067226861,700.62,[3.96]
['986b713a-b20b-4eb0-919e-c859d0508af7'],[3],-20.6874,7.4796,0.301944531,696.62,[3.96]
['986b713a-b20b-4eb0-919e-c859d0508af7'],[3],-21.8011,-4.7854,0.168297805,692.62,[3.96]
['986b713a-b20b-4eb0-919e-c859d0508af7'],[3],-22.0205,12.3284,0.201219678,688.62,[3.96]
['986b713a-b20b-4eb0-919e-c859d0508af7'],[3],-6.1884,17.1582,0.361885173,684.62,[3.96]
['986b713a-b20b-4eb0-919e-c859d0508af7'],[3],32.6929,12.816,0.261032802,680.62,[3.96]
['986b713a-b20b-4eb0-919e-c859d0508af7'],[3],39.2992,14.1509,0.024372893,676.62,[3.96]
['986b713a-b20b-4eb0-919e-c859d0508af7'],[3],39.0296,14.4497,0.022011975,672.62,[3.96]
['986b713a-b20b-4eb0-919e-c859d0508af7'],[3],37.9264,8.0669,0.157068953,668.62,[3.96]
['986b713a-b20b-4eb0-919e-c859d0508af7'],[3],41.2374,5.5386,0.309984211,665.478,[1.36]
['986b713a-b20b-4eb0-919e-c859d0508af7'],[3],30.5776,-11.4567,0.059584727,665.2088,[0.48]
['986b713a-b20b-4eb0-919e-c859d0508af7'],[3],28.7006,-12.7893,0.057083758,662.74,[3.96]
['986b713a-b20b-4eb0-919e-c859d0508af7'],[3],27.8318,-13.0891,0.138478136,658.716,[4.]
['986b713a-b20b-4eb0-919e-c859d0508af7'],[3],21.0543,-11.4414,0.118917045,654.7,[3.96]
['986b713a-b20b-4eb0-919e-c859d0508af7'],[3],29.1699,-3.6267,0.169802683,650.874,[2.8]
['986b713a-b20b-4eb0-919e-c859d0508af7'],[3],34.6377,9.8489,0.27708773,649.804,[0.76]
['986b713a-b20b-4eb0-919e-c859d0508af7'],[3],38.3052,18.6653,0.093042484,648.9624,[0.12]
['986b713a-b20b-4eb0-919e-c859d0508af7'],[3],31.3189,-6.1975,0.317119585,648.928,[0.04]
['986b713a-b20b-4eb0-919e-c859d0508af7'],[3],28.7543,-8.419,0.070727001,648.304,[2.2]
['986b713a-b20b-4eb0-919e-c859d0508af7'],[3],34.0035,-7.6633,0.059797504,645.1384,[2.12]
['986b713a-b20b-4eb0-919e-c859d0508af7'],[3],30.7914,-8.8455,0.155506628,644.448,[0.56]
['986b713a-b20b-4eb0-919e-c859d0508af7'],[3],22.243,-6.6991,0.130900933,644,[0.]
['986b713a-b20b-4eb0-919e-c859d0508af7'],[3],30.5944,-2.6741,0.12452684,644.4776,[0.12]
['986b713a-b20b-4eb0-919e-c859d0508af7'],[3],28.5883,-1.2714,0.27061483,642.34,[3.96]
['986b713a-b20b-4eb0-919e-c859d0508af7'],[3],0.3471,2.9109,0.204130839,638.34,[3.96]
['986b713a-b20b-4eb0-919e-c859d0508af7'],[3],-10.3384,-5.071,0.318038405,634.34,[3.96]
['986b713a-b20b-4eb0-919e-c859d0508af7'],[3],-41.8916,-9.6988,0.532161947,631.768,[0.6]
['986b713a-b20b-4eb0-919e-c859d0508af7'],[3],-27.1959,-27.2325,0.047757858,631.72,[0.]
['986b713a-b20b-4eb0-919e-c859d0508af7'],[3],-32.97,-16.9686,0.253747762,630.2236,[3.44]
['986b713a-b20b-4eb0-919e-c859d0508af7'],[3],-36.8586,-22.251,0.108274913,626.26,[3.96]
['986b713a-b20b-4eb0-919e-c859d0508af7'],[3],-37.6495,-22.7891,0.131666121,622.236,[4.]
['986b713a-b20b-4eb0-919e-c859d0508af7'],[3],-3.696,-17.8694,0.518234375,618.22,[3.96]
['986b713a-b20b-4eb0-919e-c859d0508af7'],[3],33.9964,-13.8563,0.161967853,614.22,[3.96]
['986b713a-b20b-4eb0-919e-c859d0508af7'],[3],37.9848,-9.149,0.236495039,610.22,[3.96]
['986b713a-b20b-4eb0-919e-c859d0508af7'],[3],3.3784,-12.6382,0.455821723,606.22,[3.96]
['986b713a-b20b-4eb0-919e-c859d0508af7'],[3],-13.9607,-0.7918,0.12166271,602.22,[3.96]
['986b713a-b20b-4eb0-919e-c859d0508af7'],[3],-8.8536,4.0649,0.156464569,598.22,[3.96]
['986b713a-b20b-4eb0-919e-c859d0508af7'],[3],-23.7471,6.9829,0.238829244,594.3604,[2.92]
['986b713a-b20b-4eb0-919e-c859d0508af7'],[3],-23.7499,7.7948,0.320277346,593.288,[0.04]
['986b713a-b20b-4eb0-919e-c859d0508af7'],[3],-7.8933,9.0845,0.021601925,593.32,[0.]
['986b713a-b20b-4eb0-919e-c859d0508af7'],[3],-7.6231,8.5599,0.009455529,593,[0.]
['986b713a-b20b-4eb0-919e-c859d0508af7'],[3],-10.9488,2.3926,0.137644412,593,[0.]
['986b713a-b20b-4eb0-919e-c859d0508af7'],[3],-9.5721,1.9028,0.099131941,593.144,[0.24]
['986b713a-b20b-4eb0-919e-c859d0508af7'],[3],4.4684,6.6477,0.168376242,592.3016,[2.72]
['986b713a-b20b-4eb0-919e-c859d0508af7'],[3],21.6759,13.56,0.211817018,588.5,[3.96]
['986b713a-b20b-4eb0-919e-c859d0508af7'],[3],21.5679,7.6783,0.274038137,584.5,[3.96]
['986b713a-b20b-4eb0-919e-c859d0508af7'],[3],21.4653,-3.2903,0.05886598,581.8612,[0.68]
['986b713a-b20b-4eb0-919e-c859d0508af7'],[3],30.5066,-14.4533,0.205068033,581.8,[0.]
['986b713a-b20b-4eb0-919e-c859d0508af7'],[3],32.8752,-16.6828,0.062969688,581.3676,[1.84]
['986b713a-b20b-4eb0-919e-c859d0508af7'],[3],32.8344,-10.3939,0.123897129,577.94,[3.96]
['986b713a-b20b-4eb0-919e-c859d0508af7'],[3],26.6491,-16.4279,0.175973789,573.932,[4.]
['986b713a-b20b-4eb0-919e-c859d0508af7'],[3],11.4014,-17.4051,0.303430535,569.9,[3.96]
['986b713a-b20b-4eb0-919e-c859d0508af7'],[3],-20.4184,-16.0727,0.267609414,565.9,[3.96]
['986b713a-b20b-4eb0-919e-c859d0508af7'],[3],-39.9628,-20.187,0.143238752,561.9,[3.96]
['986b713a-b20b-4eb0-919e-c859d0508af7'],[3],-29.0127,-15.8717,0.383919245,557.9,[3.96]
['986b713a-b20b-4eb0-919e-c859d0508af7'],[3],-27.3012,-17.8014,0.195339425,553.9,[3.96]
['986b713a-b20b-4eb0-919e-c859d0508af7'],[3],6.8495,-13.1631,0.441510158,549.9,[3.96]
['986b713a-b20b-4eb0-919e-c859d0508af7'],[3],18.3357,-15.0448,0.245235895,545.9,[3.96]
['986b713a-b20b-4eb0-919e-c859d0508af7'],[3],-6.2596,-22.2412,0.226040993,543.01,[1.]
['986b713a-b20b-4eb0-919e-c859d0508af7'],[3],-35.6368,12.8247,0.601703359,542.176,[0.88]
['986b713a-b20b-4eb0-919e-c859d0508af7'],[3],-40.7177,23.2131,0.033575169,541.8196,[1.48]
['986b713a-b20b-4eb0-919e-c859d0508af7'],[3],-41.025,22.4469,0.011838957,538.5,[3.96]
['986b713a-b20b-4eb0-919e-c859d0508af7'],[3],-41.08,22.359,0.0045,534.5,[3.96]
['986b713a-b20b-4eb0-919e-c859d0508af7'],[3],-30.2666,16.0319,0.399035827,530.5,[3.96]
['986b713a-b20b-4eb0-919e-c859d0508af7'],[3],-15.0414,-9.1532,0.176684312,526.5,[3.96]
['986b713a-b20b-4eb0-919e-c859d0508af7'],[3],-5.7688,-2.3812,0.292549761,522.5,[3.96]
['986b713a-b20b-4eb0-919e-c859d0508af7'],[3],21.8641,6.1053,0.281125348,518.5024,[3.84]
['986b713a-b20b-4eb0-919e-c859d0508af7'],[3],24.0171,4.4436,0.183868529,516.592,[0.12]
['986b713a-b20b-4eb0-919e-c859d0508af7'],[3],29.845,13.1486,0.041196259,515.41,[2.96]
['986b713a-b20b-4eb0-919e-c859d0508af7'],[3],30.5681,12.8043,0.046000024,511.54,[3.96]
['986b713a-b20b-4eb0-919e-c859d0508af7'],[3],18.7137,15.3473,0.246004241,507.54,[3.96]
['986b713a-b20b-4eb0-919e-c859d0508af7'],[3],-4.6728,15.5852,0.285553882,503.54,[3.96]
['986b713a-b20b-4eb0-919e-c859d0508af7'],[3],-35.8185,21.989,0.261428102,499.54,[3.96]
['986b713a-b20b-4eb0-919e-c859d0508af7'],[3],-29.0637,17.2687,0.411248236,495.54,[3.96]
['986b713a-b20b-4eb0-919e-c859d0508af7'],[3],24.6926,7.8073,0.451312939,491.54,[3.96]
['986b713a-b20b-4eb0-919e-c859d0508af7'],[3],40.1444,10.1976,0.335796657,487.54,[3.96]
['986b713a-b20b-4eb0-919e-c859d0508af7'],[3],-5.4195,13.3338,0.51441866,483.54,[3.96]
['986b713a-b20b-4eb0-919e-c859d0508af7'],[3],-21.8692,12.279,0.152752791,479.54,[3.96]
['986b713a-b20b-4eb0-919e-c859d0508af7'],[3],1.9069,7.5186,0.554360254,475.54,[3.96]
['986b713a-b20b-4eb0-919e-c859d0508af7'],[3],36.544,-13.0314,0.171714413,471.54,[3.96]
['986b713a-b20b-4eb0-919e-c859d0508af7'],[3],39.8895,-5.0624,0.158684851,467.54,[3.96]
['986b713a-b20b-4eb0-919e-c859d0508af7'],[3],34.6717,2.0636,0.098705838,463.54,[3.96]
['986b713a-b20b-4eb0-919e-c859d0508af7'],[3],23.6538,3.0419,0.139407063,460.506,[1.2]
['986b713a-b20b-4eb0-919e-c859d0508af7'],[3],7.0967,4.4788,0.244946656,460.064,[0.32]
['986b713a-b20b-4eb0-919e-c859d0508af7'],[3],29.5175,5.6334,0.314758284,460,[0.]
['986b713a-b20b-4eb0-919e-c859d0508af7'],[3],40.6036,6.5774,0.029390644,460.112,[0.28]
['986b713a-b20b-4eb0-919e-c859d0508af7'],[3],40.0752,5.569,0.080696894,459.6416,[2.24]
['986b713a-b20b-4eb0-919e-c859d0508af7'],[3],40.2649,-1.8568,0.106838637,456.02,[3.96]
['986b713a-b20b-4eb0-919e-c859d0508af7'],[3],37.2733,-6.1849,0.1235653,452.02,[3.96]
['986b713a-b20b-4eb0-919e-c859d0508af7'],[3],30.395,1.9593,0.227533201,448.02,[3.96]
['986b713a-b20b-4eb0-919e-c859d0508af7'],[3],22.4213,7.2692,0.191816732,444.02,[3.96]
['986b713a-b20b-4eb0-919e-c859d0508af7'],[3],23.2428,3.1763,0.045705484,440.1712,[2.88]
['986b713a-b20b-4eb0-919e-c859d0508af7'],[3],21.3154,4.2267,0.142787107,439.096,[0.12]
['986b713a-b20b-4eb0-919e-c859d0508af7'],[3],18.9199,10.3766,0.027272928,439,[0.]
['986b713a-b20b-4eb0-919e-c859d0508af7'],[3],18.8654,10.3153,0.023241104,439,[0.]
['986b713a-b20b-4eb0-919e-c859d0508af7'],[3],16.0363,11.1963,0.070458374,439,[0.]
['986b713a-b20b-4eb0-919e-c859d0508af7'],[3],12.6065,10.737,0.099437977,439.024,[0.04]
['986b713a-b20b-4eb0-919e-c859d0508af7'],[3],-3.1921,12.6347,0.195626815,438.8832,[0.28]
['986b713a-b20b-4eb0-919e-c859d0508af7'],[3],-22.9803,16.3328,0.2594564,438.76,[0.]
['986b713a-b20b-4eb0-919e-c859d0508af7'],[3],-40.9146,23.165,0.071948777,437.0856,[3.64]
['986b713a-b20b-4eb0-919e-c859d0508af7'],[3],-42.8784,23.8781,0.021932913,433.1,[3.96]
['986b713a-b20b-4eb0-919e-c859d0508af7'],[3],-42.9845,23.7429,0.005148528,429.068,[4.]
['986b713a-b20b-4eb0-919e-c859d0508af7'],[3],-42.0739,23.1036,0.048902049,425.06,[3.96]
['986b713a-b20b-4eb0-919e-c859d0508af7'],[3],-39.0112,22.9905,0.028876602,421.06,[3.96]
['986b713a-b20b-4eb0-919e-c859d0508af7'],[3],-30.348,19.8466,0.457532875,417.1792,[3.04]
['986b713a-b20b-4eb0-919e-c859d0508af7'],[3],3.5315,8.0505,0.022677342,416,[0.]
['986b713a-b20b-4eb0-919e-c859d0508af7'],[3],2.4399,6.9001,0.052836833,414.4088,[3.68]
['986b713a-b20b-4eb0-919e-c859d0508af7'],[3],12.7333,9.7941,0.16369524,410.42,[3.96]
['986b713a-b20b-4eb0-919e-c859d0508af7'],[3],28.1272,11.6786,0.148199031,406.42,[3.96]
['986b713a-b20b-4eb0-919e-c859d0508af7'],[3],33.5159,14.0519,0.102393462,402.42,[3.96]
['986b713a-b20b-4eb0-919e-c859d0508af7'],[3],16.3679,16.5418,0.22534387,398.42,[3.96]
['986b713a-b20b-4eb0-919e-c859d0508af7'],[3],7.3532,9.6051,0.274919754,394.42,[3.96]
['986b713a-b20b-4eb0-919e-c859d0508af7'],[3],-4.9493,0.3154,0.145258392,390.42,[3.96]
['986b713a-b20b-4eb0-919e-c859d0508af7'],[3],-13.8049,12.917,0.203559045,386.42,[3.96]
['986b713a-b20b-4eb0-919e-c859d0508af7'],[3],-28.9925,0.3008,0.320713212,382.42,[3.96]
['986b713a-b20b-4eb0-919e-c859d0508af7'],[3],-28.6276,-10.1888,0.126367877,378.4204,[3.92]
['986b713a-b20b-4eb0-919e-c859d0508af7'],[3],-24.8658,-10.0059,0.165163606,376.464,[0.08]
['986b713a-b20b-4eb0-919e-c859d0508af7'],[3],-28.9819,-1.8229,0.021304472,375.434,[2.76]
['986b713a-b20b-4eb0-919e-c859d0508af7'],[3],-27.2516,-2.9694,0.016898808,371.62,[3.96]
['986b713a-b20b-4eb0-919e-c859d0508af7'],[3],-19.2934,2.0489,0.278239078,367.62,[3.96]
['986b713a-b20b-4eb0-919e-c859d0508af7'],[3],-8.9684,5.4251,0.341589937,363.62,[3.96]
['986b713a-b20b-4eb0-919e-c859d0508af7'],[3],30.4265,1.4857,0.407087234,359.62,[3.96]
['986b713a-b20b-4eb0-919e-c859d0508af7'],[3],31.8535,12.2453,0.308074754,355.62,[3.96]
['986b713a-b20b-4eb0-919e-c859d0508af7'],[3],-1.5366,15.497,0.269892588,351.62,[3.96]
['986b713a-b20b-4eb0-919e-c859d0508af7'],[3],5.2945,6.5959,0.382588059,347.62,[3.96]
['986b713a-b20b-4eb0-919e-c859d0508af7'],[3],22.8179,4.4889,0.138029707,343.62,[3.96]
['986b713a-b20b-4eb0-919e-c859d0508af7'],[3],6.0116,9.9445,0.202137332,339.62,[3.96]
['986b713a-b20b-4eb0-919e-c859d0508af7'],[3],-12.8194,15.8127,0.187597085,335.636,[3.92]
['986b713a-b20b-4eb0-919e-c859d0508af7'],[3],-25.9403,20.1675,0.09657723,331.652,[4.]
['986b713a-b20b-4eb0-919e-c859d0508af7'],[3],-32.3766,22.7364,0.047233684,327.62,[3.96]
['986b713a-b20b-4eb0-919e-c859d0508af7'],[3],-31.569,13.5631,0.215969642,323.6344,[3.64]
['986b713a-b20b-4eb0-919e-c859d0508af7'],[3],-14.7045,5.0314,0.256443044,321.192,[0.96]
['986b713a-b20b-4eb0-919e-c859d0508af7'],[3],-10.7439,5.3601,0.031581837,321,[0.]
['986b713a-b20b-4eb0-919e-c859d0508af7'],[3],-11.1986,7.1602,0.0678791,321,[0.]
['986b713a-b20b-4eb0-919e-c859d0508af7'],[3],-9.6251,9.5056,0.01712081,321,[0.]
['986b713a-b20b-4eb0-919e-c859d0508af7'],[3],-9.7375,8.1866,0.144432454,321,[0.]
['986b713a-b20b-4eb0-919e-c859d0508af7'],[3],0.9575,-1.6122,0.14661434,321.6536,[1.44]
['986b713a-b20b-4eb0-919e-c859d0508af7'],[3],17.0362,-3.5698,0.194557237,318.46,[3.96]
['986b713a-b20b-4eb0-919e-c859d0508af7'],[3],31.1857,-6.7916,0.130891137,314.46,[3.96]
['986b713a-b20b-4eb0-919e-c859d0508af7'],[3],28.8976,-2.8023,0.318698826,310.46,[3.96]
['986b713a-b20b-4eb0-919e-c859d0508af7'],[3],28.027,16.4,0.227667818,306.46,[3.96]
['986b713a-b20b-4eb0-919e-c859d0508af7'],[3],-2.389,19.6898,0.391080987,302.46,[3.96]
['986b713a-b20b-4eb0-919e-c859d0508af7'],[3],-21.1367,17.1506,0.088275927,298.46,[3.96]
['986b713a-b20b-4eb0-919e-c859d0508af7'],[3],-21.8186,15.548,0.088362388,294.6584,[2.72]
['986b713a-b20b-4eb0-919e-c859d0508af7'],[3],-11.9129,0.0818,0.340158402,293.288,[0.72]
['986b713a-b20b-4eb0-919e-c859d0508af7'],[3],-0.0476,-8.2643,0.122269496,293.224,[0.08]
['986b713a-b20b-4eb0-919e-c859d0508af7'],[3],7.0529,-6.444,0.112100517,291.06,[3.96]
['986b713a-b20b-4eb0-919e-c859d0508af7'],[3],15.3657,-6.3687,0.0917029,287.06,[3.96]
['986b713a-b20b-4eb0-919e-c859d0508af7'],[3],21.5057,-5.0316,0.429288941,283.06,[3.96]
['986b713a-b20b-4eb0-919e-c859d0508af7'],[3],-23.4142,-1.7793,0.344169111,281.008,[0.04]
['986b713a-b20b-4eb0-919e-c859d0508af7'],[3],-27.5938,0.3488,0.035080862,281,[0.]
['986b713a-b20b-4eb0-919e-c859d0508af7'],[3],-21.2618,1.1519,0.19413922,281.0016,[0.28]
['986b713a-b20b-4eb0-919e-c859d0508af7'],[3],1.5836,5.1021,0.199238647,278.7,[3.96]
['986b713a-b20b-4eb0-919e-c859d0508af7'],[3],18.2415,9.2967,0.166153903,274.7,[3.96]
['986b713a-b20b-4eb0-919e-c859d0508af7'],[3],22.2649,10.4285,0.264133647,270.7,[3.96]
['986b713a-b20b-4eb0-919e-c859d0508af7'],[3],38.1444,2.082,0.22142152,266.7,[3.96]
['986b713a-b20b-4eb0-919e-c859d0508af7'],[3],41.2875,9.0544,0.050371645,262.7,[3.96]
['986b713a-b20b-4eb0-919e-c859d0508af7'],[3],37.3213,8.1811,0.109184534,258.7,[3.96]
['986b713a-b20b-4eb0-919e-c859d0508af7'],[3],7.8363,12.1391,0.445645807,254.7,[3.96]
['986b713a-b20b-4eb0-919e-c859d0508af7'],[3],-17.6793,14.5556,0.118597881,250.7,[3.96]
['986b713a-b20b-4eb0-919e-c859d0508af7'],[3],-7.2034,9.9881,0.21556939,246.7,[3.96]
['986b713a-b20b-4eb0-919e-c859d0508af7'],[3],14.9073,14.4865,0.204445645,242.7,[3.96]
['986b713a-b20b-4eb0-919e-c859d0508af7'],[3],30.5045,14.3992,0.113907697,238.7,[3.96]
['986b713a-b20b-4eb0-919e-c859d0508af7'],[3],32.7179,13.8925,0.093945227,234.7,[3.96]
['986b713a-b20b-4eb0-919e-c859d0508af7'],[3],27.698,4.436,0.545993101,230.956,[2.68]
['986b713a-b20b-4eb0-919e-c859d0508af7'],[3],0.2015,-21.599,0.227211718,230,[0.]
['986b713a-b20b-4eb0-919e-c859d0508af7'],[3],18.0529,-10.636,0.02291281,230,[0.]
['986b713a-b20b-4eb0-919e-c859d0508af7'],[3],18.9303,-8.9096,0.062451635,230,[0.]
['986b713a-b20b-4eb0-919e-c859d0508af7'],[3],11.653,-12.7095,0.183644276,230.1176,[0.2]
['986b713a-b20b-4eb0-919e-c859d0508af7'],[3],-12.8475,-17.2771,0.33446969,227.78,[3.96]
['986b713a-b20b-4eb0-919e-c859d0508af7'],[3],-37.0577,-18.1113,0.144091142,223.78,[3.96]
['986b713a-b20b-4eb0-919e-c859d0508af7'],[3],-26.9659,-12.3336,0.240930915,219.78,[3.96]
['986b713a-b20b-4eb0-919e-c859d0508af7'],[3],-37.4392,-17.301,0.306239075,216.108,[2.36]
['986b713a-b20b-4eb0-919e-c859d0508af7'],[3],-1.2778,-16.1267,0.394095606,215.352,[0.6]
['986b713a-b20b-4eb0-919e-c859d0508af7'],[3],13.3046,-14.3996,0.155715018,212.78,[3.96]
['986b713a-b20b-4eb0-919e-c859d0508af7'],[3],31.1949,-15.5356,0.190231783,208.78,[3.96]
['986b713a-b20b-4eb0-919e-c859d0508af7'],[3],34.0411,4.6404,0.478401357,204.772,[4.]
['986b713a-b20b-4eb0-919e-c859d0508af7'],[3],-17.6027,13.9765,0.571539582,200.74,[3.96]
['986b713a-b20b-4eb0-919e-c859d0508af7'],[3],-39.8793,-11.5839,0.314510883,198.2712,[0.48]
['986b713a-b20b-4eb0-919e-c859d0508af7'],[3],-29.5958,-4.2196,0.281275233,198.24,[0.]
['986b713a-b20b-4eb0-919e-c859d0508af7'],[3],-27.4643,0.4156,0.043646087,198.096,[0.24]
['986b713a-b20b-4eb0-919e-c859d0508af7'],[3],-28.4188,0.2786,0.075402482,198,[0.]
['986b713a-b20b-4eb0-919e-c859d0508af7'],[3],-27.5098,0.3888,0.02982639,198.04,[0.2]
['986b713a-b20b-4eb0-919e-c859d0508af7'],[3],-14.0874,1.3265,0.336517811,196.738,[3.4]
['986b713a-b20b-4eb0-919e-c859d0508af7'],[3],18.0556,1.9818,0.232743626,192.784,[3.8]
['986b713a-b20b-4eb0-919e-c859d0508af7'],[3],32.4962,-7.7767,0.125959467,190.192,[0.96]
['986b713a-b20b-4eb0-919e-c859d0508af7'],[3],33.5478,-7.6401,0.038380775,190,[0.]
['986b713a-b20b-4eb0-919e-c859d0508af7'],[3],34.1378,-8.483,0.059047094,190,[0.]
['986b713a-b20b-4eb0-919e-c859d0508af7'],[3],35.3575,-7.5676,0.04150816,190,[0.]
['986b713a-b20b-4eb0-919e-c859d0508af7'],[3],31.8378,-9.451,0.116963185,190,[0.]
['986b713a-b20b-4eb0-919e-c859d0508af7'],[3],33.7886,-11.6333,0.127726875,190.844,[0.76]
['986b713a-b20b-4eb0-919e-c859d0508af7'],[3],13.0905,-17.0627,0.493716629,188.14,[3.96]
['986b713a-b20b-4eb0-919e-c859d0508af7'],[3],-33.6024,-21.3661,0.300398242,184.14,[3.96]
['986b713a-b20b-4eb0-919e-c859d0508af7'],[3],-38.3029,-21.8981,0.131826533,180.2804,[2.92]
['986b713a-b20b-4eb0-919e-c859d0508af7'],[3],-14.9713,-14.9549,0.679260656,179.16,[0.2]
['986b713a-b20b-4eb0-919e-c859d0508af7'],[3],34.4932,-8.1388,0.026098374,179,[0.]
['986b713a-b20b-4eb0-919e-c859d0508af7'],[3],34.8565,-8.6568,0.032441622,179,[0.]
['986b713a-b20b-4eb0-919e-c859d0508af7'],[3],35.451,-7.5579,0.043696234,179,[0.]
['986b713a-b20b-4eb0-919e-c859d0508af7'],[3],39.9889,0.3216,0.205472311,178.6256,[1.76]
['986b713a-b20b-4eb0-919e-c859d0508af7'],[3],38.5914,-2.6891,0.338069571,175.22,[3.96]
['986b713a-b20b-4eb0-919e-c859d0508af7'],[3],37.8459,-11.689,0.238858444,171.22,[3.96]
['986b713a-b20b-4eb0-919e-c859d0508af7'],[3],42.5169,-6.668,0.078047517,167.22,[3.96]
['986b713a-b20b-4eb0-919e-c859d0508af7'],[3],32.2219,-12.6355,0.143262365,163.22,[3.96]
['986b713a-b20b-4eb0-919e-c859d0508af7'],[3],20.0839,-12.7381,0.256626182,159.22,[3.96]
['986b713a-b20b-4eb0-919e-c859d0508af7'],[3],-10.8803,-14.03,0.340464045,155.22,[3.96]
['986b713a-b20b-4eb0-919e-c859d0508af7'],[3],-36.285,-16.4464,0.35649276,151.22,[3.96]
['986b713a-b20b-4eb0-919e-c859d0508af7'],[3],-29.6064,8.0252,0.342543688,149.16,[0.2]
['986b713a-b20b-4eb0-919e-c859d0508af7'],[3],-27.6749,0.2671,0.024280297,149,[0.]
['986b713a-b20b-4eb0-919e-c859d0508af7'],[3],-27.9062,0.0396,0.085675884,149,[0.]
['986b713a-b20b-4eb0-919e-c859d0508af7'],[3],-27.3374,0.108,0.069079715,149,[0.]
['986b713a-b20b-4eb0-919e-c859d0508af7'],[3],-22.4046,-1.4088,0.188580103,149.096,[0.16]
['986b713a-b20b-4eb0-919e-c859d0508af7'],[3],12.7172,-9.8733,0.442180605,147.4116,[3.72]
['986b713a-b20b-4eb0-919e-c859d0508af7'],[3],38.6261,-8.5068,0.124720847,143.42,[3.96]
['986b713a-b20b-4eb0-919e-c859d0508af7'],[3],37.3631,-10.0326,0.072269249,139.42,[3.96]
['986b713a-b20b-4eb0-919e-c859d0508af7'],[3],15.6102,-12.6473,0.409192545,135.42,[3.96]
['986b713a-b20b-4eb0-919e-c859d0508af7'],[3],-23.9646,-7.6777,0.332572846,131.42,[3.96]
['986b713a-b20b-4eb0-919e-c859d0508af7'],[3],-35.274,-9.6737,0.174086123,127.42,[3.96]
['986b713a-b20b-4eb0-919e-c859d0508af7'],[3],-1.7626,-5.7566,0.437952029,123.42,[3.96]
['986b713a-b20b-4eb0-919e-c859d0508af7'],[3],17.9481,1.5731,0.115317383,119.42,[3.96]
['986b713a-b20b-4eb0-919e-c859d0508af7'],[3],37.2017,-5.9199,0.210426958,115.42,[3.96]
['986b713a-b20b-4eb0-919e-c859d0508af7'],[3],40.7205,-11.4515,0.043180213,112.386,[1.2]
['986b713a-b20b-4eb0-919e-c859d0508af7'],[3],26.5341,1.5002,0.272323994,112.1888,[0.28]
['986b713a-b20b-4eb0-919e-c859d0508af7'],[3],21.0259,8.7524,0.041573484,109.9,[3.96]
['986b713a-b20b-4eb0-919e-c859d0508af7'],[3],22.9035,11.5244,0.080138,105.868,[4.04]
['986b713a-b20b-4eb0-919e-c859d0508af7'],[3],13.8182,19.762,0.227713313,101.82,[3.96]
['986b713a-b20b-4eb0-919e-c859d0508af7'],[3],-11.3519,8.1315,0.334258206,97.82,[3.96]
['986b713a-b20b-4eb0-919e-c859d0508af7'],[3],-14.7899,-0.6626,0.10710793,93.82,[3.96]
['986b713a-b20b-4eb0-919e-c859d0508af7'],[3],6.3521,-11.175,0.38450749,89.82,[3.96]
['986b713a-b20b-4eb0-919e-c859d0508af7'],[3],35.4569,-16.4519,0.164307265,85.82,[3.96]
['986b713a-b20b-4eb0-919e-c859d0508af7'],[3],39.2192,-10.4939,0.095926391,81.82,[3.96]
['986b713a-b20b-4eb0-919e-c859d0508af7'],[3],40.1012,-12.2869,0.146629547,77.9124,[3.12]
['986b713a-b20b-4eb0-919e-c859d0508af7'],[3],36.7946,-8.4951,0.309614385,76.0188,[2.28]
['986b713a-b20b-4eb0-919e-c859d0508af7'],[3],3.3053,-6.1573,0.322510066,72.34,[3.96]
['986b713a-b20b-4eb0-919e-c859d0508af7'],[3],21.9594,-12.5415,0.234000134,68.346,[3.76]
['986b713a-b20b-4eb0-919e-c859d0508af7'],[3],19.6963,-12.2987,0.226417835,66.56,[0.]
['986b713a-b20b-4eb0-919e-c859d0508af7'],[3],20.0362,-2.3267,0.500827988,66.336,[0.56]
['986b713a-b20b-4eb0-919e-c859d0508af7'],[3],42.5114,9.0812,0.026952927,66,[0.]
['986b713a-b20b-4eb0-919e-c859d0508af7'],[3],41.7249,7.4662,0.071678925,66,[0.]
['986b713a-b20b-4eb0-919e-c859d0508af7'],[3],40.3518,7.3227,0.011378804,66,[0.]
['986b713a-b20b-4eb0-919e-c859d0508af7'],[3],40.2529,7.2497,0.007634523,66,[0.]
['986b713a-b20b-4eb0-919e-c859d0508af7'],[3],38.5131,4.849,0.087310385,66.312,[0.52]
['986b713a-b20b-4eb0-919e-c859d0508af7'],[3],26.2911,6.8222,0.283179324,64.8456,[3.64]
['986b713a-b20b-4eb0-919e-c859d0508af7'],[3],5.6127,-0.2216,0.301195746,60.86,[3.96]
['986b713a-b20b-4eb0-919e-c859d0508af7'],[3],10.3708,4.1417,0.138984316,58.3912,[0.48]
['986b713a-b20b-4eb0-919e-c859d0508af7'],[3],3.0029,-0.1363,0.124308511,58.048,[1.56]
['986b713a-b20b-4eb0-919e-c859d0508af7'],[3],5.8004,1.7684,0.278291726,54.748,[4.]
['986b713a-b20b-4eb0-919e-c859d0508af7'],[3],-33.4305,-4.0929,0.42294316,50.74,[3.96]
['986b713a-b20b-4eb0-919e-c859d0508af7'],[3],-36.4514,-6.894,0.234632064,46.74,[3.96]
['986b713a-b20b-4eb0-919e-c859d0508af7'],[3],-19.4507,0.6386,0.597082741,44,[0.82]
['986b713a-b20b-4eb0-919e-c859d0508af7'],[3],17.941,-14.452,0.051988464,43.9,[0.]
['986b713a-b20b-4eb0-919e-c859d0508af7'],[3],20.3157,-12.2431,0.048165413,43.9,[0.]
['986b713a-b20b-4eb0-919e-c859d0508af7'],[3],15.4725,-12.9898,0.102373572,43.9,[0.]
['986b713a-b20b-4eb0-919e-c859d0508af7'],[3],-1.8633,-15.0661,0.214543452,42.62,[3.18]
['986b713a-b20b-4eb0-919e-c859d0508af7'],[3],-18.0002,-12.2974,0.08255397,38.7,[3.96]
['986b713a-b20b-4eb0-919e-c859d0508af7'],[3],-22.5032,-15.8735,0.151282699,34.7,[3.96]
['986b713a-b20b-4eb0-919e-c859d0508af7'],[3],-5.2791,-14.9525,0.427568742,30.7,[3.96]
['986b713a-b20b-4eb0-919e-c859d0508af7'],[3],26.5786,5.4593,0.349108463,26.7,[3.96]
['986b713a-b20b-4eb0-919e-c859d0508af7'],[3],27.4791,13.5627,0.243194324,22.7,[3.96]
['986b713a-b20b-4eb0-919e-c859d0508af7'],[3],-9.8566,19.2718,0.288785737,18.7,[3.96]
['986b713a-b20b-4eb0-919e-c859d0508af7'],[3],-17.006,20.3944,0.019131624,14.7,[3.96]
['986b713a-b20b-4eb0-919e-c859d0508af7'],[3],-17.6555,19.694,0.065424978,10.7,[3.96]
['986b713a-b20b-4eb0-919e-c859d0508af7'],[3],-15.2788,17.2458,0.316939228,6.7,[3.96]
['986b713a-b20b-4eb0-919e-c859d0508af7'],[3],22.1788,9.8591,0.334516325,2.704,[3.8]
['986b713a-b20b-4eb0-919e-c859d0508af7'],[3],34.3967,8.5355,0.06071082,0.816,[0.08]
['986b713a-b20b-4eb0-919e-c859d0508af7'],[3],34.1823,8.5387,0.032783632,0.8,[0.]
['986b713a-b20b-4eb0-919e-c859d0508af7'],[3],34.425,8.86,0.029752935,0.8,[0.]
['986b713a-b20b-4eb0-919e-c859d0508af7'],[3],34.3917,8.8039,0.026624039,0.8,[0.]
['986b713a-b20b-4eb0-919e-c859d0508af7'],[3],38.4177,3.2245,0.139086197,0.8,[0.]
['986b713a-b20b-4eb0-919e-c859d0508af7'],[3],39.1963,-3.4578,0.157116219,0.1992,[0.8]
['e77c0b40-1652-4d89-8daf-a2f6028938dd'],[4],15.195,7.9253,0.366909678,575.9736,[719.56]
['e77c0b40-1652-4d89-8daf-a2f6028938dd'],[4],-13.9945,19.6616,0.377976758,717.54,[3.96]
['e77c0b40-1652-4d89-8daf-a2f6028938dd'],[4],-37.2,22.4066,0.093826151,714.398,[1.36]
['e77c0b40-1652-4d89-8daf-a2f6028938dd'],[4],-39.337,22.6997,0.006977797,712.5936,[3.52]
['e77c0b40-1652-4d89-8daf-a2f6028938dd'],[4],-42.0029,12.3831,0.369993351,708.62,[3.96]
['e77c0b40-1652-4d89-8daf-a2f6028938dd'],[4],-33.7791,-19.8532,0.290614822,704.58,[3.96]
['e77c0b40-1652-4d89-8daf-a2f6028938dd'],[4],-16.5379,-6.3737,0.225301267,700.58,[3.96]
['e77c0b40-1652-4d89-8daf-a2f6028938dd'],[4],-7.4591,3.2605,0.245818492,696.58,[3.96]
['e77c0b40-1652-4d89-8daf-a2f6028938dd'],[4],19.5385,15.2984,0.237264747,692.58,[3.96]
['e77c0b40-1652-4d89-8daf-a2f6028938dd'],[4],30.9703,15.7495,0.123129864,688.58,[3.96]
['e77c0b40-1652-4d89-8daf-a2f6028938dd'],[4],34.984,18.6076,0.068279923,684.58,[3.96]
['e77c0b40-1652-4d89-8daf-a2f6028938dd'],[4],27.8335,13.0298,0.277940731,680.58,[3.96]
['e77c0b40-1652-4d89-8daf-a2f6028938dd'],[4],26.6221,0.8112,0.176377251,676.58,[3.96]
['e77c0b40-1652-4d89-8daf-a2f6028938dd'],[4],30.6015,-4.6952,0.350696166,672.58,[3.96]
['e77c0b40-1652-4d89-8daf-a2f6028938dd'],[4],-13.5851,-8.5548,0.521072089,668.58,[3.96]
['e77c0b40-1652-4d89-8daf-a2f6028938dd'],[4],-29.2728,18.8586,0.199686089,664.58,[3.96]
['e77c0b40-1652-4d89-8daf-a2f6028938dd'],[4],-36.4991,22.5458,0.137437491,660.58,[3.96]
['e77c0b40-1652-4d89-8daf-a2f6028938dd'],[4],-27.7,16.516,0.40326207,656.58,[3.96]
['e77c0b40-1652-4d89-8daf-a2f6028938dd'],[4],-40.5783,-2.2624,0.272751627,652.58,[3.96]
['e77c0b40-1652-4d89-8daf-a2f6028938dd'],[4],-4.2142,-8.4622,0.533756713,648.58,[3.96]
['e77c0b40-1652-4d89-8daf-a2f6028938dd'],[4],27.6996,1.2312,0.445491768,645.6312,[1.08]
['e77c0b40-1652-4d89-8daf-a2f6028938dd'],[4],17.6313,8.4967,0.017539477,645.384,[0.48]
['e77c0b40-1652-4d89-8daf-a2f6028938dd'],[4],18.7587,9.5445,0.06466477,645,[0.]
['e77c0b40-1652-4d89-8daf-a2f6028938dd'],[4],18.7574,12.467,0.010005392,645,[0.]
['e77c0b40-1652-4d89-8daf-a2f6028938dd'],[4],18.4634,11.5127,0.050180874,645,[0.]
['e77c0b40-1652-4d89-8daf-a2f6028938dd'],[4],20.509,11.2378,0.102154706,645,[0.]
['e77c0b40-1652-4d89-8daf-a2f6028938dd'],[4],34.5183,10.0536,0.194583385,645.0196,[0.64]
['e77c0b40-1652-4d89-8daf-a2f6028938dd'],[4],10.5568,10.1523,0.507499997,642.34,[3.96]
['e77c0b40-1652-4d89-8daf-a2f6028938dd'],[4],-18.1573,-11.6974,0.223568933,638.34,[3.96]
['e77c0b40-1652-4d89-8daf-a2f6028938dd'],[4],-20.5092,-17.5825,0.214392708,634.34,[3.96]
['e77c0b40-1652-4d89-8daf-a2f6028938dd'],[4],-38.1513,-5.3308,0.285981535,630.736,[2.2]
['e77c0b40-1652-4d89-8daf-a2f6028938dd'],[4],-33.4893,-3.6181,0.210294902,630.12,[0.]
['e77c0b40-1652-4d89-8daf-a2f6028938dd'],[4],-27.7156,0.3944,0.037093065,630.072,[0.12]
['e77c0b40-1652-4d89-8daf-a2f6028938dd'],[4],-27.7066,0.6924,0.021887979,630,[0.]
['e77c0b40-1652-4d89-8daf-a2f6028938dd'],[4],-20.5931,-3.3633,0.248833152,630,[0.]
['e77c0b40-1652-4d89-8daf-a2f6028938dd'],[4],12.534,-13.5328,0.359081428,628.402,[3.6]
['e77c0b40-1652-4d89-8daf-a2f6028938dd'],[4],15.4551,-4.6096,0.183088987,624.42,[3.96]
['e77c0b40-1652-4d89-8daf-a2f6028938dd'],[4],16.0893,-6.0535,0.155762854,620.42,[3.96]
['e77c0b40-1652-4d89-8daf-a2f6028938dd'],[4],30.9368,-8.2251,0.169659333,616.42,[3.96]
['e77c0b40-1652-4d89-8daf-a2f6028938dd'],[4],36.3832,-15.57,0.205398554,612.4884,[3.24]
['e77c0b40-1652-4d89-8daf-a2f6028938dd'],[4],45.9282,-13.7543,0.139984466,611.16,[0.]
['e77c0b40-1652-4d89-8daf-a2f6028938dd'],[4],48.103,-12.5134,0.09450372,611.1488,[0.28]
['e77c0b40-1652-4d89-8daf-a2f6028938dd'],[4],22.3282,3.231,0.491699197,608.892,[3.92]
['e77c0b40-1652-4d89-8daf-a2f6028938dd'],[4],-12.9128,-1.8501,0.319416969,604.9864,[3.08]
['e77c0b40-1652-4d89-8daf-a2f6028938dd'],[4],-10.0869,-12.6442,0.246637857,603.6756,[0.92]
['e77c0b40-1652-4d89-8daf-a2f6028938dd'],[4],-10.9365,-6.0836,0.164258861,600.86,[3.96]
['e77c0b40-1652-4d89-8daf-a2f6028938dd'],[4],-12.3037,-2.7234,0.309978617,598.8004,[0.04]
['e77c0b40-1652-4d89-8daf-a2f6028938dd'],[4],-15.3093,-24.0588,0.031513197,598,[0.]
['e77c0b40-1652-4d89-8daf-a2f6028938dd'],[4],-17.8673,-12.2209,0.164238637,598,[0.]
['e77c0b40-1652-4d89-8daf-a2f6028938dd'],[4],-23.9131,-18.3842,0.327737502,598.438,[0.4]
['e77c0b40-1652-4d89-8daf-a2f6028938dd'],[4],-34.854,-22.2504,0.129084953,596.38,[3.96]
['e77c0b40-1652-4d89-8daf-a2f6028938dd'],[4],-28.8572,-14.9731,0.264911015,592.38,[3.96]
['e77c0b40-1652-4d89-8daf-a2f6028938dd'],[4],-12.2913,1.354,0.225865692,588.38,[3.96]
['e77c0b40-1652-4d89-8daf-a2f6028938dd'],[4],-7.4191,4.6578,0.110089454,584.38,[3.96]
['e77c0b40-1652-4d89-8daf-a2f6028938dd'],[4],-4.7763,0.041,0.170183143,580.38,[3.96]
['e77c0b40-1652-4d89-8daf-a2f6028938dd'],[4],-16.0985,3.9831,0.363466893,577.35,[1.2]
['e77c0b40-1652-4d89-8daf-a2f6028938dd'],[4],-27.6996,14.4826,0.251205373,575.6636,[3.44]
['e77c0b40-1652-4d89-8daf-a2f6028938dd'],[4],-22.9643,22.8776,0.316890672,571.7,[3.96]
['e77c0b40-1652-4d89-8daf-a2f6028938dd'],[4],8.0638,11.6945,0.690209939,567.784,[3.16]
['e77c0b40-1652-4d89-8daf-a2f6028938dd'],[4],-32.2341,-11.853,0.067328926,566.52,[0.]
['e77c0b40-1652-4d89-8daf-a2f6028938dd'],[4],-9.8688,-10.3597,0.430693469,565.0948,[3.36]
['e77c0b40-1652-4d89-8daf-a2f6028938dd'],[4],22.0037,-8.044,0.228910846,561.14,[3.96]
['e77c0b40-1652-4d89-8daf-a2f6028938dd'],[4],22.9598,-1.5723,0.352093221,557.14,[3.96]
['986b713a-b20b-4eb0-919e-c859d0508af7'],[4],27.101,7.6824,0.308579377,554.1624,[1.12]
['986b713a-b20b-4eb0-919e-c859d0508af7'],[4],31.4027,-9.8967,0.067410907,552.6716,[3.24]
['986b713a-b20b-4eb0-919e-c859d0508af7'],[4],39.2817,-5.4377,0.17265328,548.74,[3.96]
['986b713a-b20b-4eb0-919e-c859d0508af7'],[4],16.0097,-9.0035,0.479943355,544.9512,[2.68]
['986b713a-b20b-4eb0-919e-c859d0508af7'],[4],-11.6813,-7.0861,0.09302077,544.016,[0.04]
['986b713a-b20b-4eb0-919e-c859d0508af7'],[4],-12.1505,-7.7111,0.032543751,544,[0.]
['986b713a-b20b-4eb0-919e-c859d0508af7'],[4],-11.5625,-7.261,0.017900682,544,[0.]
['986b713a-b20b-4eb0-919e-c859d0508af7'],[4],-11.5578,-7.496,0.0054,544,[0.]
['986b713a-b20b-4eb0-919e-c859d0508af7'],[4],-9.9094,-7.673,0.050275324,543.41,[2.]
['986b713a-b20b-4eb0-919e-c859d0508af7'],[4],-21.8549,-1.4045,0.270015371,541.9076,[0.84]
['986b713a-b20b-4eb0-919e-c859d0508af7'],[4],-14.8491,5.6928,0.256038148,539.14,[3.96]
['986b713a-b20b-4eb0-919e-c859d0508af7'],[4],15.8213,-10.0319,0.348005538,535.14,[3.96]
['986b713a-b20b-4eb0-919e-c859d0508af7'],[4],38.0698,-14.7402,0.123831725,531.14,[3.96]
['986b713a-b20b-4eb0-919e-c859d0508af7'],[4],40.127,-14.272,0.036414061,527.14,[3.96]
['986b713a-b20b-4eb0-919e-c859d0508af7'],[4],38.3008,-15.4613,0.024218733,523.14,[3.96]
['986b713a-b20b-4eb0-919e-c859d0508af7'],[4],33.4872,-14.58,0.177292312,519.14,[3.96]
['986b713a-b20b-4eb0-919e-c859d0508af7'],[4],24.8238,-10.0652,0.228734449,515.116,[4.]
['986b713a-b20b-4eb0-919e-c859d0508af7'],[4],29.0475,-3.1092,0.126513096,511.116,[3.92]
['986b713a-b20b-4eb0-919e-c859d0508af7'],[4],6.6435,11.4954,0.426235339,507.14,[3.96]
['986b713a-b20b-4eb0-919e-c859d0508af7'],[4],-26.8391,21.7538,0.282154784,503.162,[3.56]
['986b713a-b20b-4eb0-919e-c859d0508af7'],[4],-22.4853,14.2873,0.141603543,501.56,[0.]
['986b713a-b20b-4eb0-919e-c859d0508af7'],[4],-14.7187,-17.7526,0.372688821,501.112,[0.56]
['986b713a-b20b-4eb0-919e-c859d0508af7'],[4],-11.5537,-24.1607,0.00799258,501,[0.]
['986b713a-b20b-4eb0-919e-c859d0508af7'],[4],2.0229,-13.3323,0.479982543,501,[0.]
['986b713a-b20b-4eb0-919e-c859d0508af7'],[4],22.9562,2.8558,0.035438011,501.096,[0.48]
['986b713a-b20b-4eb0-919e-c859d0508af7'],[4],22.491,2.6818,0.035061431,500.97,[2.]
['986b713a-b20b-4eb0-919e-c859d0508af7'],[4],22.7515,2.9454,0.046503097,497.46,[3.96]
['986b713a-b20b-4eb0-919e-c859d0508af7'],[4],22.8851,-5.2321,0.134077916,493.4712,[3.68]
['986b713a-b20b-4eb0-919e-c859d0508af7'],[4],28.9473,-8.3833,0.346277719,491.6856,[0.52]
['986b713a-b20b-4eb0-919e-c859d0508af7'],[4],30.5573,11.7875,0.271964149,489.22,[3.96]
['986b713a-b20b-4eb0-919e-c859d0508af7'],[4],22.8542,15.9625,0.031059855,485.22,[3.96]
['986b713a-b20b-4eb0-919e-c859d0508af7'],[4],33.7649,10.2949,0.342621613,481.22,[3.96]
['986b713a-b20b-4eb0-919e-c859d0508af7'],[4],36.3152,20.6625,0.165370014,477.22,[3.96]
['986b713a-b20b-4eb0-919e-c859d0508af7'],[4],16.5565,17.8783,0.273210851,473.22,[3.96]
['986b713a-b20b-4eb0-919e-c859d0508af7'],[4],-12.6708,8.4026,0.294902207,469.22,[3.96]
['986b713a-b20b-4eb0-919e-c859d0508af7'],[4],-10.7629,8.2082,0.161214281,465.22,[3.96]
['986b713a-b20b-4eb0-919e-c859d0508af7'],[4],-12.0277,1.959,0.146212818,461.22,[3.96]
['986b713a-b20b-4eb0-919e-c859d0508af7'],[4],-8.9857,-7.9197,0.263863347,457.22,[3.96]
['986b713a-b20b-4eb0-919e-c859d0508af7'],[4],21.9491,-10.8541,0.208810991,453.22,[3.96]
['986b713a-b20b-4eb0-919e-c859d0508af7'],[4],26.2859,-11.7646,0.064900568,449.22,[3.96]
['986b713a-b20b-4eb0-919e-c859d0508af7'],[4],29.3604,-14.9258,0.215629029,445.22,[3.96]
['986b713a-b20b-4eb0-919e-c859d0508af7'],[4],28.5876,-14.1204,0.161032567,441.22,[3.96]
['986b713a-b20b-4eb0-919e-c859d0508af7'],[4],40.9375,3.7625,0.229316013,437.22,[3.96]
['986b713a-b20b-4eb0-919e-c859d0508af7'],[4],27.034,6.8022,0.273023852,433.22,[3.96]
['986b713a-b20b-4eb0-919e-c859d0508af7'],[4],-4.119,11.3758,0.256700944,429.22,[3.96]
['986b713a-b20b-4eb0-919e-c859d0508af7'],[4],-15.8675,14.3986,0.084232731,425.22,[3.96]
['986b713a-b20b-4eb0-919e-c859d0508af7'],[4],-24.1105,18.6265,0.117697394,421.22,[3.96]
['986b713a-b20b-4eb0-919e-c859d0508af7'],[4],-11.4164,8.7481,0.264210025,417.22,[3.96]
['986b713a-b20b-4eb0-919e-c859d0508af7'],[4],6.3724,-0.2838,0.13192263,413.22,[3.96]
['986b713a-b20b-4eb0-919e-c859d0508af7'],[4],12.5681,1.3508,0.03331861,409.22,[3.96]
['986b713a-b20b-4eb0-919e-c859d0508af7'],[4],15.4218,-0.2699,0.146471736,405.22,[3.96]
['986b713a-b20b-4eb0-919e-c859d0508af7'],[4],21.1215,-8.0816,0.250843071,401.22,[3.96]
['986b713a-b20b-4eb0-919e-c859d0508af7'],[4],22.9959,16.6658,0.203007263,397.22,[3.96]
['986b713a-b20b-4eb0-919e-c859d0508af7'],[4],9.0779,19.163,0.206588439,393.22,[3.96]
['986b713a-b20b-4eb0-919e-c859d0508af7'],[4],-11.6325,16.4227,0.17712996,389.22,[3.96]
['986b713a-b20b-4eb0-919e-c859d0508af7'],[4],-16.9252,14.6674,0.103605356,385.22,[3.96]
['986b713a-b20b-4eb0-919e-c859d0508af7'],[4],-16.3691,8.2819,0.172790299,383.1604,[0.04]
['986b713a-b20b-4eb0-919e-c859d0508af7'],[4],-1.6749,7.8354,0.151889279,383.16,[0.]
['986b713a-b20b-4eb0-919e-c859d0508af7'],[4],4.8619,6.1861,0.061957553,382.764,[1.76]
['986b713a-b20b-4eb0-919e-c859d0508af7'],[4],8.2638,-2.8466,0.12829836,379.38,[3.96]
['986b713a-b20b-4eb0-919e-c859d0508af7'],[4],13.7388,-2.2444,0.126947218,375.38,[3.96]
['986b713a-b20b-4eb0-919e-c859d0508af7'],[4],15.8294,5.8173,0.057864446,371.38,[3.96]
['986b713a-b20b-4eb0-919e-c859d0508af7'],[4],21.4596,-6.7957,0.334876683,367.34,[3.96]
['986b713a-b20b-4eb0-919e-c859d0508af7'],[4],17.7068,-5.5908,0.069062361,363.4804,[2.92]
['986b713a-b20b-4eb0-919e-c859d0508af7'],[4],27.3578,-7.7154,0.207238462,362.16,[0.4]
['986b713a-b20b-4eb0-919e-c859d0508af7'],[4],34.4961,-8.7148,0.01972501,362,[0.]
['986b713a-b20b-4eb0-919e-c859d0508af7'],[4],34.6336,-8.4336,0.040831645,362,[0.]
['986b713a-b20b-4eb0-919e-c859d0508af7'],[4],35.5971,-7.9731,0.008978804,362,[0.]
['986b713a-b20b-4eb0-919e-c859d0508af7'],[4],35.5263,-6.943,0.061283237,362,[0.]
['986b713a-b20b-4eb0-919e-c859d0508af7'],[4],36.2582,2.8892,0.259465123,361.6036,[1.96]
['986b713a-b20b-4eb0-919e-c859d0508af7'],[4],0.4767,14.665,0.507436641,358.02,[3.96]
['986b713a-b20b-4eb0-919e-c859d0508af7'],[4],-28.3569,-8.6645,0.475049504,354.02,[3.96]
['986b713a-b20b-4eb0-919e-c859d0508af7'],[4],-36.9063,-3.4061,0.339634997,350.02,[3.96]
['986b713a-b20b-4eb0-919e-c859d0508af7'],[4],-32.652,-8.2571,0.199763425,346.02,[3.96]
['986b713a-b20b-4eb0-919e-c859d0508af7'],[4],-26.1067,-16.601,0.086492627,342.0564,[3.44]
['986b713a-b20b-4eb0-919e-c859d0508af7'],[4],-19.324,-5.1007,0.234570479,339.6168,[2.72]
['986b713a-b20b-4eb0-919e-c859d0508af7'],[4],-6.6949,-4.4937,0.161531877,335.82,[3.96]
['986b713a-b20b-4eb0-919e-c859d0508af7'],[4],16.4428,-9.0341,0.319220769,331.82,[3.96]
['986b713a-b20b-4eb0-919e-c859d0508af7'],[4],34.1306,-6.7027,0.353052053,327.82,[3.96]
['986b713a-b20b-4eb0-919e-c859d0508af7'],[4],-7.4519,-17.8656,0.412324007,323.82,[3.96]
['986b713a-b20b-4eb0-919e-c859d0508af7'],[4],-24.5515,-19.7859,0.078341602,320.3924,[1.84]
['986b713a-b20b-4eb0-919e-c859d0508af7'],[4],-13.0889,-1.6875,0.305960332,319.192,[0.96]
['986b713a-b20b-4eb0-919e-c859d0508af7'],[4],-13.9709,3.2877,0.020019786,319,[0.]
['986b713a-b20b-4eb0-919e-c859d0508af7'],[4],-13.9183,3.1229,0.009174098,319,[0.]
['986b713a-b20b-4eb0-919e-c859d0508af7'],[4],-12.3169,5.4197,0.103678346,319.176,[0.88]
['986b713a-b20b-4eb0-919e-c859d0508af7'],[4],-17.2155,6.7201,0.226916561,318.1316,[3.72]
['986b713a-b20b-4eb0-919e-c859d0508af7'],[4],11.19,-0.7468,0.336669577,314.14,[3.96]
['986b713a-b20b-4eb0-919e-c859d0508af7'],[4],21.0964,3.3305,0.100520128,310.14,[3.96]
['986b713a-b20b-4eb0-919e-c859d0508af7'],[4],24.6784,4.5044,0.048439062,306.14,[3.96]
['986b713a-b20b-4eb0-919e-c859d0508af7'],[4],24.7843,7.7332,0.087985826,302.14,[3.96]
['986b713a-b20b-4eb0-919e-c859d0508af7'],[4],8.4739,13.5495,0.305390327,298.14,[3.96]
['986b713a-b20b-4eb0-919e-c859d0508af7'],[4],-26.3371,19.9777,0.295359762,294.14,[3.96]
['986b713a-b20b-4eb0-919e-c859d0508af7'],[4],-39.8674,22.9085,0.052739894,290.14,[3.96]
['986b713a-b20b-4eb0-919e-c859d0508af7'],[4],-43.1507,23.0452,0.049549701,286.1664,[3.52]
['986b713a-b20b-4eb0-919e-c859d0508af7'],[4],-38.3845,24.083,0.124326883,284.6,[0.]
['986b713a-b20b-4eb0-919e-c859d0508af7'],[4],-35.2043,26.2066,0.053032882,284.414,[1.2]
['986b713a-b20b-4eb0-919e-c859d0508af7'],[4],-36.1779,23.2649,0.074640557,281.38,[3.96]
['986b713a-b20b-4eb0-919e-c859d0508af7'],[4],-25.0868,15.3281,0.341328698,277.38,[3.96]
['986b713a-b20b-4eb0-919e-c859d0508af7'],[4],6.8879,-3.9766,0.353845823,273.34,[3.96]
['986b713a-b20b-4eb0-919e-c859d0508af7'],[4],18.4229,-11.5752,0.141599235,269.34,[3.96]
['986b713a-b20b-4eb0-919e-c859d0508af7'],[4],19.0523,-8.0957,0.164503006,265.34,[3.96]
['986b713a-b20b-4eb0-919e-c859d0508af7'],[4],21.0147,-9.848,0.105941046,261.34,[3.96]
['986b713a-b20b-4eb0-919e-c859d0508af7'],[4],30.0665,-8.7502,0.10093438,257.592,[2.56]
['986b713a-b20b-4eb0-919e-c859d0508af7'],[4],32.457,-6.9575,0.247673038,256.76,[0.]
['986b713a-b20b-4eb0-919e-c859d0508af7'],[4],40.5585,8.7806,0.027746264,256,[0.]
['986b713a-b20b-4eb0-919e-c859d0508af7'],[4],40.2846,8.9868,0.034923728,256,[0.]
['986b713a-b20b-4eb0-919e-c859d0508af7'],[4],40.4987,7.7981,0.025838348,256,[0.]
['986b713a-b20b-4eb0-919e-c859d0508af7'],[4],40.1718,7.0644,0.006321764,256,[0.]
['986b713a-b20b-4eb0-919e-c859d0508af7'],[4],39.5501,5.7148,0.032711456,256,[0.]
['986b713a-b20b-4eb0-919e-c859d0508af7'],[4],29.2914,4.8398,0.317244661,256,[0.]
['986b713a-b20b-4eb0-919e-c859d0508af7'],[4],-16.1803,9.8543,0.476179685,254.5,[3.96]
['986b713a-b20b-4eb0-919e-c859d0508af7'],[4],-31.7538,20.4582,0.211913701,250.5,[3.96]
['986b713a-b20b-4eb0-919e-c859d0508af7'],[4],-7.9838,13.0535,0.293292363,246.5,[3.96]
['986b713a-b20b-4eb0-919e-c859d0508af7'],[4],13.9158,4.494,0.202772596,242.5,[3.96]
['986b713a-b20b-4eb0-919e-c859d0508af7'],[4],22.6655,9.6515,0.05855088,238.5,[3.96]
['986b713a-b20b-4eb0-919e-c859d0508af7'],[4],34.9482,17.6345,0.275512235,234.5,[3.96]
['986b713a-b20b-4eb0-919e-c859d0508af7'],[4],34.2353,18.4083,0.401320431,230.5,[3.96]
['986b713a-b20b-4eb0-919e-c859d0508af7'],[4],-14.5572,12.7807,0.497693117,226.5,[3.96]
['986b713a-b20b-4eb0-919e-c859d0508af7'],[4],-29.5409,-10.9496,0.216471919,222.5,[3.96]
['986b713a-b20b-4eb0-919e-c859d0508af7'],[4],-15.7772,-10.5484,0.165844012,218.516,[3.92]
['986b713a-b20b-4eb0-919e-c859d0508af7'],[4],-2.2789,-0.8651,0.179004471,214.532,[4.]
['986b713a-b20b-4eb0-919e-c859d0508af7'],[4],15.0906,14.4807,0.493977272,210.7244,[2.64]
['986b713a-b20b-4eb0-919e-c859d0508af7'],[4],17.6131,7.4165,0.146928533,208.942,[2.6]
['986b713a-b20b-4eb0-919e-c859d0508af7'],[4],29.6268,6.8521,0.368422691,205.18,[3.96]
['986b713a-b20b-4eb0-919e-c859d0508af7'],[4],29.1287,-16.5628,0.204807435,201.18,[3.96]
['986b713a-b20b-4eb0-919e-c859d0508af7'],[4],15.3889,-18.5933,0.130135706,197.18,[3.96]
['986b713a-b20b-4eb0-919e-c859d0508af7'],[4],-8.112,-20.3815,0.330962262,193.18,[3.96]
['986b713a-b20b-4eb0-919e-c859d0508af7'],[4],-31.2813,-22.5406,0.41789775,189.9364,[1.52]
['986b713a-b20b-4eb0-919e-c859d0508af7'],[4],-26.3325,8.8504,0.04781398,189.1276,[1.84]
['986b713a-b20b-4eb0-919e-c859d0508af7'],[4],-25.7499,3.4097,0.172249843,185.7,[3.96]
['986b713a-b20b-4eb0-919e-c859d0508af7'],[4],-20.8195,-15.1919,0.308849032,181.7,[3.96]
['986b713a-b20b-4eb0-919e-c859d0508af7'],[4],-29.0474,-13.3605,0.152051363,177.7,[3.96]
['986b713a-b20b-4eb0-919e-c859d0508af7'],[4],-17.6773,-11.3771,0.226159733,173.7,[3.96]
['986b713a-b20b-4eb0-919e-c859d0508af7'],[4],-3.9308,5.9195,0.213781634,169.7,[3.96]
['986b713a-b20b-4eb0-919e-c859d0508af7'],[4],9.6636,11.6626,0.124527108,165.7,[3.96]
['986b713a-b20b-4eb0-919e-c859d0508af7'],[4],15.971,15.1816,0.18854811,161.7,[3.96]
['986b713a-b20b-4eb0-919e-c859d0508af7'],[4],35.224,14.5323,0.185394209,157.7,[3.96]
['986b713a-b20b-4eb0-919e-c859d0508af7'],[4],38.6481,13.3385,0.182232097,153.7,[3.96]
['986b713a-b20b-4eb0-919e-c859d0508af7'],[4],30.7926,15.7699,0.260121389,149.7,[3.96]
['986b713a-b20b-4eb0-919e-c859d0508af7'],[4],-5.3036,14.1313,0.839670148,145.8104,[3.04]
['986b713a-b20b-4eb0-919e-c859d0508af7'],[4],23.58,7.0346,0.0046,144,[0.]
['986b713a-b20b-4eb0-919e-c859d0508af7'],[4],20.916,6.3806,0.034690761,144,[0.]
['986b713a-b20b-4eb0-919e-c859d0508af7'],[4],18.9816,6.5641,0.051287061,144,[0.]
['986b713a-b20b-4eb0-919e-c859d0508af7'],[4],14.427,8.2286,0.039790914,143.704,[1.52]
['986b713a-b20b-4eb0-919e-c859d0508af7'],[4],16.4156,6.4543,0.061194012,140.46,[3.96]
['986b713a-b20b-4eb0-919e-c859d0508af7'],[4],18.1529,6.9438,0.185879238,136.46,[3.96]
['986b713a-b20b-4eb0-919e-c859d0508af7'],[4],22.1762,15.8683,0.261646808,132.46,[3.96]
['986b713a-b20b-4eb0-919e-c859d0508af7'],[4],39.5284,3.2689,0.254996768,128.46,[3.96]
['986b713a-b20b-4eb0-919e-c859d0508af7'],[4],2.0364,-3.426,0.470767798,124.46,[3.96]
['986b713a-b20b-4eb0-919e-c859d0508af7'],[4],-17.6038,-5.6669,0.109505202,120.444,[4.]
['986b713a-b20b-4eb0-919e-c859d0508af7'],[4],-14.672,-1.8241,0.220642002,116.42,[3.96]
['986b713a-b20b-4eb0-919e-c859d0508af7'],[4],18.9715,-9.5797,0.305792916,112.42,[3.96]
['986b713a-b20b-4eb0-919e-c859d0508af7'],[4],29.2546,-6.6686,0.211342137,108.42,[3.96]
['986b713a-b20b-4eb0-919e-c859d0508af7'],[4],34.2954,9.4608,0.175132492,104.42,[3.96]
['986b713a-b20b-4eb0-919e-c859d0508af7'],[4],39.2814,13.8624,0.056990211,100.4744,[3.32]
['986b713a-b20b-4eb0-919e-c859d0508af7'],[4],39.1162,9.1677,0.101972644,97.478,[3.56]
['986b713a-b20b-4eb0-919e-c859d0508af7'],[4],27.0431,6.9571,0.426343225,93.5,[3.96]
['986b713a-b20b-4eb0-919e-c859d0508af7'],[4],-20.7496,3.1982,0.347671352,89.5924,[3.12]
['986b713a-b20b-4eb0-919e-c859d0508af7'],[4],-15.7807,-3.7185,0.20503084,88.3488,[0.28]
['986b713a-b20b-4eb0-919e-c859d0508af7'],[4],0.2025,-10.1273,0.142738435,86.278,[2.72]
['986b713a-b20b-4eb0-919e-c859d0508af7'],[4],23.2083,-9.176,0.296816595,85.248,[0.12]
['986b713a-b20b-4eb0-919e-c859d0508af7'],[4],34.4256,-8.4702,0.036823278,85.12,[0.2]
['986b713a-b20b-4eb0-919e-c859d0508af7'],[4],32.145,-5.5861,0.118514544,85,[0.]
['986b713a-b20b-4eb0-919e-c859d0508af7'],[4],14.2492,-2.2968,0.219263661,85,[0.]
['986b713a-b20b-4eb0-919e-c859d0508af7'],[4],-9.0146,3.5324,0.275896958,83.02,[3.96]
['986b713a-b20b-4eb0-919e-c859d0508af7'],[4],-30.2887,8.8304,0.264603616,79.02,[3.96]
['986b713a-b20b-4eb0-919e-c859d0508af7'],[4],-6.3406,9.0599,0.515101956,75.02,[3.96]
['986b713a-b20b-4eb0-919e-c859d0508af7'],[4],35.3538,11.4257,0.2281086,71.02,[3.96]
['986b713a-b20b-4eb0-919e-c859d0508af7'],[4],42.4855,12.4846,0.035732179,67.02,[3.96]
['986b713a-b20b-4eb0-919e-c859d0508af7'],[4],38.6396,15.7419,0.076980008,63.02,[3.96]
['986b713a-b20b-4eb0-919e-c859d0508af7'],[4],37.9171,15.2885,0.039544034,59.06,[3.96]
['986b713a-b20b-4eb0-919e-c859d0508af7'],[4],38.3497,14.5547,0.139452521,55.06,[3.96]
['986b713a-b20b-4eb0-919e-c859d0508af7'],[4],33.9885,4.6663,0.380833961,51.06,[3.96]
['986b713a-b20b-4eb0-919e-c859d0508af7'],[4],-19.4131,1.8733,0.60844837,47.044,[4.]
['986b713a-b20b-4eb0-919e-c859d0508af7'],[4],-51.4345,5.8719,0.209319443,43.028,[3.92]
['986b713a-b20b-4eb0-919e-c859d0508af7'],[4],-39.6877,0.733,0.210024286,39.06,[3.96]
['986b713a-b20b-4eb0-919e-c859d0508af7'],[4],-24.2342,3.9722,0.149590245,35.9512,[1.28]
['986b713a-b20b-4eb0-919e-c859d0508af7'],[4],-23.8512,14.6265,0.108055319,34.2596,[3.42]
['986b713a-b20b-4eb0-919e-c859d0508af7'],[4],-31.086,7.494,0.309471803,30.3,[3.96]
['986b713a-b20b-4eb0-919e-c859d0508af7'],[4],-35.1285,-12.5641,0.178782169,26.3,[3.96]
['986b713a-b20b-4eb0-919e-c859d0508af7'],[4],-21.106,-13.1587,0.161208837,22.3,[3.96]
['986b713a-b20b-4eb0-919e-c859d0508af7'],[4],-6.4533,-10.2151,0.132710905,18.3,[3.96]
['986b713a-b20b-4eb0-919e-c859d0508af7'],[4],1.1242,-9.3776,0.017154076,14.3,[3.96]
['986b713a-b20b-4eb0-919e-c859d0508af7'],[4],0.9934,-9.3971,0.027083603,10.268,[4.]
['986b713a-b20b-4eb0-919e-c859d0508af7'],[4],-1.771,-10.3465,0.077665715,6.26,[3.96]
['986b713a-b20b-4eb0-919e-c859d0508af7'],[4],-11.5706,-13.0429,0.120491157,3.2962,[0.86]
['986b713a-b20b-4eb0-919e-c859d0508af7'],[4],-23.6111,-14.803,0.127181425,3.296,[0.8]
['986b713a-b20b-4eb0-919e-c859d0508af7'],[4],-30.9552,-19.4092,0.094860878,0.8174,[2.54]